set,filename,class,xmin,ymin,ec1,ec2,xmax,ymax,ec3,ec4
TRAINING,/content/gdrive/MyDrive/Pesquisa/Artigo Imagens/data/images/vid01_img0213.jpg,pollen,0.63671875,0.5291666666666667,,,0.72109375,0.6402777777777777,,
TRAINING,/content/gdrive/MyDrive/Pesquisa/Artigo Imagens/data/images/vid01_img0214.jpg,pollen,0.64375,0.5263888888888889,,,0.71875,0.625,,
TRAINING,/content/gdrive/MyDrive/Pesquisa/Artigo Imagens/data/images/vid01_img0370.jpg,pollen,0.48046875,0.45,,,0.55703125,0.5722222222222222,,
VALIDATION,/content/gdrive/MyDrive/Pesquisa/Artigo Imagens/data/images/vid01_img0384.jpg,pollen,0.6359375,0.48055555555555557,,,0.71484375,0.5958333333333333,,
TEST,/content/gdrive/MyDrive/Pesquisa/Artigo Imagens/data/images/vid01_img0504.jpg,pollen,0.49453125,0.4597222222222222,,,0.578125,0.5638888888888889,,
TRAINING,/content/gdrive/MyDrive/Pesquisa/Artigo Imagens/data/images/vid01_img0549.jpg,pollen,0.45703125,0.39444444444444443,,,0.5140625,0.4986111111111111,,
TRAINING,/content/gdrive/MyDrive/Pesquisa/Artigo Imagens/data/images/vid01_img0550.jpg,pollen,0.4546875,0.3861111111111111,,,0.51640625,0.49166666666666664,,
TEST,/content/gdrive/MyDrive/Pesquisa/Artigo Imagens/data/images/vid01_img0815.jpg,pollen,0.29609375,0.3388888888888889,,,0.3578125,0.44305555555555554,,
TRAINING,/content/gdrive/MyDrive/Pesquisa/Artigo Imagens/data/images/vid01_img0816.jpg,pollen,0.29609375,0.3402777777777778,,,0.36640625,0.44305555555555554,,
TRAINING,/content/gdrive/MyDrive/Pesquisa/Artigo Imagens/data/images/vid01_img0886.jpg,pollen,0.48359375,0.45694444444444443,,,0.56484375,0.5513888888888889,,
TRAINING,/content/gdrive/MyDrive/Pesquisa/Artigo Imagens/data/images/vid01_img0899.jpg,pollen,0.31640625,0.3416666666666667,,,0.3875,0.44027777777777777,,
TRAINING,/content/gdrive/MyDrive/Pesquisa/Artigo Imagens/data/images/vid01_img1033.jpg,pollen,0.428125,0.6819444444444445,,,0.51171875,0.8458333333333333,,
VALIDATION,/content/gdrive/MyDrive/Pesquisa/Artigo Imagens/data/images/vid01_img1048.jpg,pollen,0.57421875,0.45,,,0.64296875,0.6,,
TEST,/content/gdrive/MyDrive/Pesquisa/Artigo Imagens/data/images/vid01_img1051.jpg,pollen,0.64140625,0.5083333333333333,,,0.70703125,0.6194444444444445,,
TRAINING,/content/gdrive/MyDrive/Pesquisa/Artigo Imagens/data/images/vid01_img1114.jpg,pollen,0.37421875,0.3486111111111111,,,0.44375,0.475,,
TRAINING,/content/gdrive/MyDrive/Pesquisa/Artigo Imagens/data/images/vid01_img1115.jpg,pollen,0.36796875,0.36666666666666664,,,0.4515625,0.48333333333333334,,
TRAINING,/content/gdrive/MyDrive/Pesquisa/Artigo Imagens/data/images/vid01_img1135.jpg,pollen,0.51796875,0.17916666666666667,,,0.609375,0.3,,
TRAINING,/content/gdrive/MyDrive/Pesquisa/Artigo Imagens/data/images/vid01_img1156.jpg,pollen,0.66796875,0.5291666666666667,,,0.73671875,0.6333333333333333,,
TRAINING,/content/gdrive/MyDrive/Pesquisa/Artigo Imagens/data/images/vid01_img1170.jpg,pollen,0.4046875,0.44027777777777777,,,0.490625,0.5277777777777778,,
TRAINING,/content/gdrive/MyDrive/Pesquisa/Artigo Imagens/data/images/vid01_img1172.jpg,pollen,0.421875,0.42916666666666664,,,0.49921875,0.5236111111111111,,
TRAINING,/content/gdrive/MyDrive/Pesquisa/Artigo Imagens/data/images/vid01_img1173.jpg,pollen,0.4265625,0.4236111111111111,,,0.50859375,0.5152777777777777,,
TRAINING,/content/gdrive/MyDrive/Pesquisa/Artigo Imagens/data/images/vid01_img1174.jpg,pollen,0.4359375,0.4152777777777778,,,0.5109375,0.5166666666666667,,
VALIDATION,/content/gdrive/MyDrive/Pesquisa/Artigo Imagens/data/images/vid01_img1273.jpg,pollen,0.6171875,0.46805555555555556,,,0.68671875,0.5930555555555556,,
TRAINING,/content/gdrive/MyDrive/Pesquisa/Artigo Imagens/data/images/vid01_img1274.jpg,pollen,0.61484375,0.45694444444444443,,,0.69140625,0.5819444444444445,,
TRAINING,/content/gdrive/MyDrive/Pesquisa/Artigo Imagens/data/images/vid01_img1286.jpg,pollen,0.6328125,0.5125,,,0.69375,0.625,,
TEST,/content/gdrive/MyDrive/Pesquisa/Artigo Imagens/data/images/vid01_img1356.jpg,pollen,0.3046875,0.3541666666666667,,,0.3828125,0.45694444444444443,,
VALIDATION,/content/gdrive/MyDrive/Pesquisa/Artigo Imagens/data/images/vid01_img1357.jpg,pollen,0.3015625,0.35833333333333334,,,0.3875,0.44722222222222224,,
TRAINING,/content/gdrive/MyDrive/Pesquisa/Artigo Imagens/data/images/vid01_img1362.jpg,pollen,0.30234375,0.38055555555555554,,,0.3640625,0.5055555555555555,,
VALIDATION,/content/gdrive/MyDrive/Pesquisa/Artigo Imagens/data/images/vid01_img1437.jpg,pollen,0.49453125,0.47638888888888886,,,0.58203125,0.5722222222222222,,
TRAINING,/content/gdrive/MyDrive/Pesquisa/Artigo Imagens/data/images/vid01_img1438.jpg,pollen,0.50078125,0.46944444444444444,,,0.5859375,0.5694444444444444,,
TRAINING,/content/gdrive/MyDrive/Pesquisa/Artigo Imagens/data/images/vid01_img2353.jpg,pollen,0.30390625,0.34305555555555556,,,0.37421875,0.44027777777777777,,
VALIDATION,/content/gdrive/MyDrive/Pesquisa/Artigo Imagens/data/images/vid01_img2954.jpg,pollen,0.5921875,0.5,,,0.6625,0.6097222222222223,,
TRAINING,/content/gdrive/MyDrive/Pesquisa/Artigo Imagens/data/images/vid01_img2958.jpg,pollen,0.6328125,0.4708333333333333,,,0.69921875,0.5819444444444445,,
TEST,/content/gdrive/MyDrive/Pesquisa/Artigo Imagens/data/images/vid01_img3135.jpg,pollen,0.55078125,0.5,,,0.6359375,0.6166666666666667,,
TRAINING,/content/gdrive/MyDrive/Pesquisa/Artigo Imagens/data/images/vid01_img3139.jpg,pollen,0.5765625,0.5,,,0.68046875,0.5958333333333333,,
VALIDATION,/content/gdrive/MyDrive/Pesquisa/Artigo Imagens/data/images/vid01_img3224.jpg,pollen,0.58984375,0.4652777777777778,,,0.6703125,0.5680555555555555,,
TRAINING,/content/gdrive/MyDrive/Pesquisa/Artigo Imagens/data/images/vid01_img3300.jpg,pollen,0.65,0.525,,,0.7234375,0.6208333333333333,,
VALIDATION,/content/gdrive/MyDrive/Pesquisa/Artigo Imagens/data/images/vid01_img3302.jpg,pollen,0.65078125,0.5083333333333333,,,0.73046875,0.6166666666666667,,
VALIDATION,/content/gdrive/MyDrive/Pesquisa/Artigo Imagens/data/images/vid01_img3303.jpg,pollen,0.653125,0.49027777777777776,,,0.7359375,0.6111111111111112,,
TRAINING,/content/gdrive/MyDrive/Pesquisa/Artigo Imagens/data/images/vid01_img3304.jpg,pollen,0.66328125,0.4847222222222222,,,0.7359375,0.6097222222222223,,
TRAINING,/content/gdrive/MyDrive/Pesquisa/Artigo Imagens/data/images/vid01_img3416.jpg,pollen,0.55078125,0.4027777777777778,,,0.61328125,0.55,,
VALIDATION,/content/gdrive/MyDrive/Pesquisa/Artigo Imagens/data/images/vid01_img3443.jpg,pollen,0.28515625,0.3333333333333333,,,0.39296875,0.41944444444444445,,
TRAINING,/content/gdrive/MyDrive/Pesquisa/Artigo Imagens/data/images/vid01_img3513.jpg,pollen,0.5875,0.45555555555555555,,,0.66953125,0.5805555555555556,,
TRAINING,/content/gdrive/MyDrive/Pesquisa/Artigo Imagens/data/images/vid01_img3789.jpg,pollen,0.290625,0.32916666666666666,,,0.365625,0.425,,
TRAINING,/content/gdrive/MyDrive/Pesquisa/Artigo Imagens/data/images/vid01_img4102.jpg,pollen,0.3734375,0.4388888888888889,,,0.4515625,0.5305555555555556,,
TRAINING,/content/gdrive/MyDrive/Pesquisa/Artigo Imagens/data/images/vid01_img4103.jpg,pollen,0.3859375,0.4388888888888889,,,0.4625,0.5416666666666666,,
TRAINING,/content/gdrive/MyDrive/Pesquisa/Artigo Imagens/data/images/vid01_img4119.jpg,pollen,0.71875,0.5930555555555556,,,0.7828125,0.7583333333333333,,
TRAINING,/content/gdrive/MyDrive/Pesquisa/Artigo Imagens/data/images/vid01_img4133.jpg,pollen,0.27109375,0.41944444444444445,,,0.3515625,0.5361111111111111,,
VALIDATION,/content/gdrive/MyDrive/Pesquisa/Artigo Imagens/data/images/vid01_img4157.jpg,pollen,0.66015625,0.5055555555555555,,,0.74140625,0.6291666666666667,,
TRAINING,/content/gdrive/MyDrive/Pesquisa/Artigo Imagens/data/images/vid01_img4158.jpg,pollen,0.65625,0.5138888888888888,,,0.7375,0.6291666666666667,,
TRAINING,/content/gdrive/MyDrive/Pesquisa/Artigo Imagens/data/images/vid01_img4328.jpg,pollen,0.53203125,0.4527777777777778,,,0.58671875,0.5958333333333333,,
VALIDATION,/content/gdrive/MyDrive/Pesquisa/Artigo Imagens/data/images/vid01_img4451.jpg,pollen,0.14296875,0.30416666666666664,,,0.2234375,0.37916666666666665,,
TRAINING,/content/gdrive/MyDrive/Pesquisa/Artigo Imagens/data/images/vid01_img4452.jpg,pollen,0.13671875,0.2708333333333333,,,0.22265625,0.38333333333333336,,
TRAINING,/content/gdrive/MyDrive/Pesquisa/Artigo Imagens/data/images/vid02_img0837.jpg,pollen,0.28828125,0.4013888888888889,,,0.51015625,0.9916666666666667,,
VALIDATION,/content/gdrive/MyDrive/Pesquisa/Artigo Imagens/data/images/vid02_img0841.jpg,pollen,0.03359375,0.33055555555555555,,,0.2765625,0.9041666666666667,,
TRAINING,/content/gdrive/MyDrive/Pesquisa/Artigo Imagens/data/images/vid02_img0842.jpg,pollen,0.02578125,0.3055555555555556,,,0.26875,0.8180555555555555,,
TRAINING,/content/gdrive/MyDrive/Pesquisa/Artigo Imagens/data/images/vid02_img0843.jpg,pollen,0.02421875,0.3138888888888889,,,0.2546875,0.7847222222222222,,
TRAINING,/content/gdrive/MyDrive/Pesquisa/Artigo Imagens/data/images/vid02_img0844.jpg,pollen,0.00859375,0.25833333333333336,,,0.25,0.6986111111111111,,
TRAINING,/content/gdrive/MyDrive/Pesquisa/Artigo Imagens/data/images/vid02_img0845.jpg,pollen,0.00390625,0.2152777777777778,,,0.23828125,0.6666666666666666,,
TRAINING,/content/gdrive/MyDrive/Pesquisa/Artigo Imagens/data/images/vid02_img0846.jpg,pollen,0.00234375,0.14444444444444443,,,0.21875,0.6319444444444444,,
VALIDATION,/content/gdrive/MyDrive/Pesquisa/Artigo Imagens/data/images/vid02_img4935.jpg,pollen,0.72578125,0.11805555555555555,,,0.99921875,0.7944444444444444,,
TRAINING,/content/gdrive/MyDrive/Pesquisa/Artigo Imagens/data/images/vid02_img7466.jpg,pollen,0.6984375,0.08194444444444444,,,1,0.5597222222222222,,
TRAINING,/content/gdrive/MyDrive/Pesquisa/Artigo Imagens/data/images/vid02_img7467.jpg,pollen,0.72265625,0.06666666666666667,,,0.99140625,0.5958333333333333,,
TRAINING,/content/gdrive/MyDrive/Pesquisa/Artigo Imagens/data/images/vid02_img7468.jpg,pollen,0.70546875,0.07222222222222222,,,1,0.5541666666666667,,
TRAINING,/content/gdrive/MyDrive/Pesquisa/Artigo Imagens/data/images/vid02_img7469.jpg,pollen,0.67421875,0.1,,,1,0.5680555555555555,,
VALIDATION,/content/gdrive/MyDrive/Pesquisa/Artigo Imagens/data/images/vid02_img7471.jpg,pollen,0.646875,0.09166666666666666,,,0.99765625,0.5027777777777778,,
TRAINING,/content/gdrive/MyDrive/Pesquisa/Artigo Imagens/data/images/vid04_img0001.jpg,pollen,0.67890625,0.26666666666666666,,,0.8234375,0.43333333333333335,,
TEST,/content/gdrive/MyDrive/Pesquisa/Artigo Imagens/data/images/vid04_img0118.jpg,pollen,0.62421875,0.043055555555555555,,,0.70234375,0.1486111111111111,,
TRAINING,/content/gdrive/MyDrive/Pesquisa/Artigo Imagens/data/images/vid04_img0119.jpg,pollen,0.58984375,0.1125,,,0.66640625,0.21944444444444444,,
TEST,/content/gdrive/MyDrive/Pesquisa/Artigo Imagens/data/images/vid04_img0120.jpg,pollen,0.565625,0.16805555555555557,,,0.62734375,0.2708333333333333,,
VALIDATION,/content/gdrive/MyDrive/Pesquisa/Artigo Imagens/data/images/vid04_img0121.jpg,pollen,0.53984375,0.20277777777777778,,,0.60546875,0.29305555555555557,,
TRAINING,/content/gdrive/MyDrive/Pesquisa/Artigo Imagens/data/images/vid04_img0122.jpg,pollen,0.5203125,0.20833333333333334,,,0.59609375,0.2763888888888889,,
TRAINING,/content/gdrive/MyDrive/Pesquisa/Artigo Imagens/data/images/vid04_img0126.jpg,pollen,0.48359375,0.19027777777777777,,,0.54609375,0.2625,,
TRAINING,/content/gdrive/MyDrive/Pesquisa/Artigo Imagens/data/images/vid04_img0514.jpg,pollen,0.903125,0.12638888888888888,,,0.97890625,0.24166666666666667,,
TRAINING,/content/gdrive/MyDrive/Pesquisa/Artigo Imagens/data/images/vid04_img0515.jpg,pollen,0.878125,0.17777777777777778,,,0.946875,0.26944444444444443,,
TEST,/content/gdrive/MyDrive/Pesquisa/Artigo Imagens/data/images/vid04_img0516.jpg,pollen,0.8421875,0.19444444444444445,,,0.91484375,0.29444444444444445,,
TRAINING,/content/gdrive/MyDrive/Pesquisa/Artigo Imagens/data/images/vid04_img0517.jpg,pollen,0.80546875,0.2013888888888889,,,0.87578125,0.2986111111111111,,
TRAINING,/content/gdrive/MyDrive/Pesquisa/Artigo Imagens/data/images/vid04_img0518.jpg,pollen,0.76640625,0.18888888888888888,,,0.83046875,0.2861111111111111,,
TRAINING,/content/gdrive/MyDrive/Pesquisa/Artigo Imagens/data/images/vid04_img0519.jpg,pollen,0.7328125,0.1625,,,0.79921875,0.25833333333333336,,
TRAINING,/content/gdrive/MyDrive/Pesquisa/Artigo Imagens/data/images/vid04_img0520.jpg,pollen,0.69921875,0.14722222222222223,,,0.76953125,0.2388888888888889,,
TRAINING,/content/gdrive/MyDrive/Pesquisa/Artigo Imagens/data/images/vid04_img0521.jpg,pollen,0.67265625,0.14444444444444443,,,0.74140625,0.23472222222222222,,
VALIDATION,/content/gdrive/MyDrive/Pesquisa/Artigo Imagens/data/images/vid04_img0522.jpg,pollen,0.6375,0.14027777777777778,,,0.70234375,0.22916666666666666,,
TRAINING,/content/gdrive/MyDrive/Pesquisa/Artigo Imagens/data/images/vid04_img0523.jpg,pollen,0.60625,0.1375,,,0.66796875,0.23333333333333334,,
TRAINING,/content/gdrive/MyDrive/Pesquisa/Artigo Imagens/data/images/vid04_img0524.jpg,pollen,0.58046875,0.13055555555555556,,,0.64765625,0.21388888888888888,,
TRAINING,/content/gdrive/MyDrive/Pesquisa/Artigo Imagens/data/images/vid04_img0526.jpg,pollen,0.53515625,0.11527777777777778,,,0.590625,0.20277777777777778,,
TRAINING,/content/gdrive/MyDrive/Pesquisa/Artigo Imagens/data/images/vid04_img0543.jpg,pollen,0.64921875,0.0375,,,0.7546875,0.15833333333333333,,
TRAINING,/content/gdrive/MyDrive/Pesquisa/Artigo Imagens/data/images/vid04_img0544.jpg,pollen,0.63046875,0.15138888888888888,,,0.75234375,0.2652777777777778,,
TRAINING,/content/gdrive/MyDrive/Pesquisa/Artigo Imagens/data/images/vid04_img0545.jpg,pollen,0.6078125,0.26944444444444443,,,0.73671875,0.3875,,
TRAINING,/content/gdrive/MyDrive/Pesquisa/Artigo Imagens/data/images/vid04_img0546.jpg,pollen,0.5765625,0.30972222222222223,,,0.72734375,0.43194444444444446,,
VALIDATION,/content/gdrive/MyDrive/Pesquisa/Artigo Imagens/data/images/vid04_img0547.jpg,pollen,0.54609375,0.3597222222222222,,,0.69296875,0.4791666666666667,,
TRAINING,/content/gdrive/MyDrive/Pesquisa/Artigo Imagens/data/images/vid04_img0548.jpg,pollen,0.48671875,0.4236111111111111,,,0.63203125,0.5777777777777777,,
TRAINING,/content/gdrive/MyDrive/Pesquisa/Artigo Imagens/data/images/vid04_img0549.jpg,pollen,0.4515625,0.4708333333333333,,,0.56953125,0.6055555555555555,,
TRAINING,/content/gdrive/MyDrive/Pesquisa/Artigo Imagens/data/images/vid04_img0590.jpg,pollen,0.440625,0.2777777777777778,,,0.52890625,0.4013888888888889,,
TRAINING,/content/gdrive/MyDrive/Pesquisa/Artigo Imagens/data/images/vid04_img0591.jpg,pollen,0.45546875,0.3055555555555556,,,0.5328125,0.44305555555555554,,
TEST,/content/gdrive/MyDrive/Pesquisa/Artigo Imagens/data/images/vid04_img0652.jpg,pollen,0.5984375,0.008333333333333333,,,0.63203125,0.1111111111111111,,
TEST,/content/gdrive/MyDrive/Pesquisa/Artigo Imagens/data/images/vid04_img0653.jpg,pollen,0.5984375,0.001388888888888889,,,0.6328125,0.10833333333333334,,
TRAINING,/content/gdrive/MyDrive/Pesquisa/Artigo Imagens/data/images/vid04_img0657.jpg,pollen,0.60703125,0.013888888888888888,,,0.63203125,0.12083333333333333,,
TRAINING,/content/gdrive/MyDrive/Pesquisa/Artigo Imagens/data/images/vid04_img0735.jpg,pollen,0.66171875,0.05,,,0.72578125,0.13333333333333333,,
TRAINING,/content/gdrive/MyDrive/Pesquisa/Artigo Imagens/data/images/vid04_img0772.jpg,pollen,0.73984375,0.10972222222222222,,,0.79296875,0.17777777777777778,,
VALIDATION,/content/gdrive/MyDrive/Pesquisa/Artigo Imagens/data/images/vid04_img0773.jpg,pollen,0.75234375,0.13333333333333333,,,0.81015625,0.19305555555555556,,
TRAINING,/content/gdrive/MyDrive/Pesquisa/Artigo Imagens/data/images/vid04_img0774.jpg,pollen,0.75625,0.13333333333333333,,,0.80859375,0.19166666666666668,,
TRAINING,/content/gdrive/MyDrive/Pesquisa/Artigo Imagens/data/images/vid04_img0778.jpg,pollen,0.68046875,0.10277777777777777,,,0.728125,0.15555555555555556,,
TRAINING,/content/gdrive/MyDrive/Pesquisa/Artigo Imagens/data/images/vid04_img0817.jpg,pollen,0.6765625,0.08888888888888889,,,0.73671875,0.15138888888888888,,
VALIDATION,/content/gdrive/MyDrive/Pesquisa/Artigo Imagens/data/images/vid04_img0820.jpg,pollen,0.67265625,0.10555555555555556,,,0.72578125,0.16111111111111112,,
TRAINING,/content/gdrive/MyDrive/Pesquisa/Artigo Imagens/data/images/vid04_img0821.jpg,pollen,0.659375,0.10555555555555556,,,0.7171875,0.15138888888888888,,
TRAINING,/content/gdrive/MyDrive/Pesquisa/Artigo Imagens/data/images/vid04_img1018.jpg,pollen,0.54296875,0.15555555555555556,,,0.65234375,0.30694444444444446,,
VALIDATION,/content/gdrive/MyDrive/Pesquisa/Artigo Imagens/data/images/vid04_img1019.jpg,pollen,0.56640625,0.19305555555555556,,,0.6515625,0.35833333333333334,,
TEST,/content/gdrive/MyDrive/Pesquisa/Artigo Imagens/data/images/vid04_img1053.jpg,pollen,0.6578125,0.13055555555555556,,,0.74140625,0.23333333333333334,,
TRAINING,/content/gdrive/MyDrive/Pesquisa/Artigo Imagens/data/images/vid04_img1054.jpg,pollen,0.70703125,0.21388888888888888,,,0.79296875,0.32222222222222224,,
TEST,/content/gdrive/MyDrive/Pesquisa/Artigo Imagens/data/images/vid04_img1055.jpg,pollen,0.73046875,0.25277777777777777,,,0.81796875,0.3458333333333333,,
TEST,/content/gdrive/MyDrive/Pesquisa/Artigo Imagens/data/images/vid04_img1056.jpg,pollen,0.7328125,0.2569444444444444,,,0.81640625,0.3458333333333333,,
TRAINING,/content/gdrive/MyDrive/Pesquisa/Artigo Imagens/data/images/vid04_img1057.jpg,pollen,0.70234375,0.23055555555555557,,,0.78203125,0.31527777777777777,,
TRAINING,/content/gdrive/MyDrive/Pesquisa/Artigo Imagens/data/images/vid04_img1058.jpg,pollen,0.63828125,0.19305555555555556,,,0.7265625,0.26944444444444443,,
TRAINING,/content/gdrive/MyDrive/Pesquisa/Artigo Imagens/data/images/vid04_img1059.jpg,pollen,0.575,0.19583333333333333,,,0.66953125,0.28194444444444444,,
TRAINING,/content/gdrive/MyDrive/Pesquisa/Artigo Imagens/data/images/vid04_img1060.jpg,pollen,0.5765625,0.19444444444444445,,,0.66875,0.2847222222222222,,
TRAINING,/content/gdrive/MyDrive/Pesquisa/Artigo Imagens/data/images/vid04_img1061.jpg,pollen,0.5203125,0.2263888888888889,,,0.60546875,0.3277777777777778,,
TRAINING,/content/gdrive/MyDrive/Pesquisa/Artigo Imagens/data/images/vid04_img1098.jpg,pollen,0.58984375,0.1375,,,0.6859375,0.2375,,
TRAINING,/content/gdrive/MyDrive/Pesquisa/Artigo Imagens/data/images/vid04_img1099.jpg,pollen,0.57734375,0.175,,,0.68125,0.275,,
TRAINING,/content/gdrive/MyDrive/Pesquisa/Artigo Imagens/data/images/vid04_img1100.jpg,pollen,0.575,0.17777777777777778,,,0.66875,0.29444444444444445,,
TRAINING,/content/gdrive/MyDrive/Pesquisa/Artigo Imagens/data/images/vid04_img1103.jpg,pollen,0.54609375,0.18611111111111112,,,0.65078125,0.2861111111111111,,
TRAINING,/content/gdrive/MyDrive/Pesquisa/Artigo Imagens/data/images/vid06_img0151.jpg,pollen,0.23046875,0.2916666666666667,,,0.3234375,0.41388888888888886,,
TEST,/content/gdrive/MyDrive/Pesquisa/Artigo Imagens/data/images/vid06_img0152.jpg,pollen,0.22265625,0.28888888888888886,,,0.3078125,0.4152777777777778,,
TRAINING,/content/gdrive/MyDrive/Pesquisa/Artigo Imagens/data/images/vid06_img0154.jpg,pollen,0.234375,0.2791666666666667,,,0.30859375,0.41805555555555557,,
VALIDATION,/content/gdrive/MyDrive/Pesquisa/Artigo Imagens/data/images/vid06_img0155.jpg,pollen,0.23046875,0.2902777777777778,,,0.30859375,0.41388888888888886,,
VALIDATION,/content/gdrive/MyDrive/Pesquisa/Artigo Imagens/data/images/vid06_img0156.jpg,pollen,0.22421875,0.2791666666666667,,,0.315625,0.4097222222222222,,
TRAINING,/content/gdrive/MyDrive/Pesquisa/Artigo Imagens/data/images/vid06_img0157.jpg,pollen,0.22265625,0.2611111111111111,,,0.31640625,0.3875,,
TRAINING,/content/gdrive/MyDrive/Pesquisa/Artigo Imagens/data/images/vid06_img0158.jpg,pollen,0.21953125,0.24861111111111112,,,0.3046875,0.3875,,
TRAINING,/content/gdrive/MyDrive/Pesquisa/Artigo Imagens/data/images/vid06_img0159.jpg,pollen,0.21796875,0.2361111111111111,,,0.30234375,0.36944444444444446,,
TEST,/content/gdrive/MyDrive/Pesquisa/Artigo Imagens/data/images/vid06_img0160.jpg,pollen,0.2078125,0.22777777777777777,,,0.2921875,0.3680555555555556,,
TRAINING,/content/gdrive/MyDrive/Pesquisa/Artigo Imagens/data/images/vid06_img0161.jpg,pollen,0.20703125,0.23055555555555557,,,0.290625,0.375,,
VALIDATION,/content/gdrive/MyDrive/Pesquisa/Artigo Imagens/data/images/vid06_img0163.jpg,pollen,0.1953125,0.2361111111111111,,,0.3,0.3638888888888889,,
TRAINING,/content/gdrive/MyDrive/Pesquisa/Artigo Imagens/data/images/vid06_img0164.jpg,pollen,0.1921875,0.2263888888888889,,,0.29296875,0.3472222222222222,,
TRAINING,/content/gdrive/MyDrive/Pesquisa/Artigo Imagens/data/images/vid06_img0165.jpg,pollen,0.18984375,0.2222222222222222,,,0.27578125,0.36527777777777776,,
TRAINING,/content/gdrive/MyDrive/Pesquisa/Artigo Imagens/data/images/vid06_img0166.jpg,pollen,0.17734375,0.22083333333333333,,,0.27109375,0.35138888888888886,,
TRAINING,/content/gdrive/MyDrive/Pesquisa/Artigo Imagens/data/images/vid06_img0167.jpg,pollen,0.18359375,0.225,,,0.26953125,0.3541666666666667,,
TRAINING,/content/gdrive/MyDrive/Pesquisa/Artigo Imagens/data/images/vid06_img0168.jpg,pollen,0.17265625,0.21666666666666667,,,0.26796875,0.35555555555555557,,
TRAINING,/content/gdrive/MyDrive/Pesquisa/Artigo Imagens/data/images/vid06_img0186.jpg,pollen,0.14140625,0.15555555555555556,,,0.21171875,0.2833333333333333,,
TRAINING,/content/gdrive/MyDrive/Pesquisa/Artigo Imagens/data/images/vid06_img0187.jpg,pollen,0.1390625,0.15833333333333333,,,0.209375,0.2847222222222222,,
VALIDATION,/content/gdrive/MyDrive/Pesquisa/Artigo Imagens/data/images/vid06_img0200.jpg,pollen,0.06796875,0.15416666666666667,,,0.14375,0.2638888888888889,,
TEST,/content/gdrive/MyDrive/Pesquisa/Artigo Imagens/data/images/vid06_img0261.jpg,pollen,0.20078125,0.7069444444444445,,,0.25546875,0.8875,,
TRAINING,/content/gdrive/MyDrive/Pesquisa/Artigo Imagens/data/images/vid06_img0264.jpg,pollen,0.1890625,0.8222222222222222,,,0.25390625,0.9777777777777777,,
TRAINING,/content/gdrive/MyDrive/Pesquisa/Artigo Imagens/data/images/vid06_img0288.jpg,pollen,0.16171875,0.9013888888888889,,,0.228125,0.9847222222222223,,
TEST,/content/gdrive/MyDrive/Pesquisa/Artigo Imagens/data/images/vid06_img0289.jpg,pollen,0.15859375,0.8861111111111111,,,0.228125,0.9930555555555556,,
TRAINING,/content/gdrive/MyDrive/Pesquisa/Artigo Imagens/data/images/vid06_img0297.jpg,pollen,0.04375,0.125,,,0.12109375,0.25277777777777777,,
TRAINING,/content/gdrive/MyDrive/Pesquisa/Artigo Imagens/data/images/vid06_img0313.jpg,pollen,0.20625,0.2569444444444444,,,0.2828125,0.39444444444444443,,
TRAINING,/content/gdrive/MyDrive/Pesquisa/Artigo Imagens/data/images/vid06_img0321.jpg,pollen,0.25234375,0.24583333333333332,,,0.33828125,0.3736111111111111,,
TRAINING,/content/gdrive/MyDrive/Pesquisa/Artigo Imagens/data/images/vid06_img0349.jpg,pollen,0.2421875,0.6819444444444445,,,0.30390625,0.7805555555555556,,
TRAINING,/content/gdrive/MyDrive/Pesquisa/Artigo Imagens/data/images/vid06_img0369.jpg,pollen,0.2640625,0.26944444444444443,,,0.31953125,0.4,,
TRAINING,/content/gdrive/MyDrive/Pesquisa/Artigo Imagens/data/images/vid06_img0370.jpg,pollen,0.2703125,0.2708333333333333,,,0.32421875,0.39861111111111114,,
TRAINING,/content/gdrive/MyDrive/Pesquisa/Artigo Imagens/data/images/vid06_img0371.jpg,pollen,0.26796875,0.2722222222222222,,,0.33046875,0.39305555555555555,,
TRAINING,/content/gdrive/MyDrive/Pesquisa/Artigo Imagens/data/images/vid06_img0380.jpg,pollen,0.3453125,0.24305555555555555,,,0.43203125,0.3611111111111111,,
TEST,/content/gdrive/MyDrive/Pesquisa/Artigo Imagens/data/images/vid06_img0382.jpg,pollen,0.35859375,0.24861111111111112,,,0.45859375,0.3638888888888889,,
TEST,/content/gdrive/MyDrive/Pesquisa/Artigo Imagens/data/images/vid06_img0383.jpg,pollen,0.36953125,0.2611111111111111,,,0.45859375,0.3625,,
VALIDATION,/content/gdrive/MyDrive/Pesquisa/Artigo Imagens/data/images/vid06_img0384.jpg,pollen,0.371875,0.2625,,,0.46796875,0.37083333333333335,,
TRAINING,/content/gdrive/MyDrive/Pesquisa/Artigo Imagens/data/images/vid06_img0385.jpg,pollen,0.3703125,0.2722222222222222,,,0.46484375,0.36666666666666664,,
TEST,/content/gdrive/MyDrive/Pesquisa/Artigo Imagens/data/images/vid06_img0386.jpg,pollen,0.3703125,0.2569444444444444,,,0.46484375,0.3597222222222222,,
VALIDATION,/content/gdrive/MyDrive/Pesquisa/Artigo Imagens/data/images/vid06_img0392.jpg,pollen,0.378125,0.2152777777777778,,,0.46953125,0.3597222222222222,,
TRAINING,/content/gdrive/MyDrive/Pesquisa/Artigo Imagens/data/images/vid06_img0461.jpg,pollen,0.50859375,0.0375,,,0.55859375,0.19583333333333333,,
TEST,/content/gdrive/MyDrive/Pesquisa/Artigo Imagens/data/images/vid06_img0564.jpg,pollen,0.17109375,0.4847222222222222,,,0.259375,0.6097222222222223,,
TEST,/content/gdrive/MyDrive/Pesquisa/Artigo Imagens/data/images/vid06_img0568.jpg,pollen,0.28515625,0.5166666666666667,,,0.36171875,0.6652777777777777,,
TRAINING,/content/gdrive/MyDrive/Pesquisa/Artigo Imagens/data/images/vid06_img0569.jpg,pollen,0.30390625,0.5277777777777778,,,0.37890625,0.6625,,
TRAINING,/content/gdrive/MyDrive/Pesquisa/Artigo Imagens/data/images/vid06_img0570.jpg,pollen,0.31328125,0.5347222222222222,,,0.38359375,0.6722222222222223,,
TRAINING,/content/gdrive/MyDrive/Pesquisa/Artigo Imagens/data/images/vid06_img0584.jpg,pollen,0.3953125,0.44305555555555554,,,0.45625,0.6125,,
TRAINING,/content/gdrive/MyDrive/Pesquisa/Artigo Imagens/data/images/vid06_img0585.jpg,pollen,0.390625,0.4263888888888889,,,0.45703125,0.5958333333333333,,
TRAINING,/content/gdrive/MyDrive/Pesquisa/Artigo Imagens/data/images/vid06_img0776.jpg,pollen,0.384375,0.05416666666666667,,,0.4546875,0.2111111111111111,,
TRAINING,/content/gdrive/MyDrive/Pesquisa/Artigo Imagens/data/images/vid06_img0777.jpg,pollen,0.40234375,0.05416666666666667,,,0.44921875,0.22777777777777777,,
TRAINING,/content/gdrive/MyDrive/Pesquisa/Artigo Imagens/data/images/vid06_img0778.jpg,pollen,0.38203125,0.05555555555555555,,,0.44921875,0.2111111111111111,,
TRAINING,/content/gdrive/MyDrive/Pesquisa/Artigo Imagens/data/images/vid06_img0779.jpg,pollen,0.38046875,0.0375,,,0.4484375,0.20277777777777778,,
TRAINING,/content/gdrive/MyDrive/Pesquisa/Artigo Imagens/data/images/vid06_img0780.jpg,pollen,0.3859375,0.05138888888888889,,,0.45703125,0.20694444444444443,,
TRAINING,/content/gdrive/MyDrive/Pesquisa/Artigo Imagens/data/images/vid06_img0781.jpg,pollen,0.3984375,0.05138888888888889,,,0.45390625,0.23472222222222222,,
TRAINING,/content/gdrive/MyDrive/Pesquisa/Artigo Imagens/data/images/vid06_img0782.jpg,pollen,0.40546875,0.030555555555555555,,,0.4546875,0.21666666666666667,,
TRAINING,/content/gdrive/MyDrive/Pesquisa/Artigo Imagens/data/images/vid06_img0791.jpg,pollen,0.42578125,0.04861111111111111,,,0.4796875,0.20833333333333334,,
TEST,/content/gdrive/MyDrive/Pesquisa/Artigo Imagens/data/images/vid06_img0816.jpg,pollen,0.484375,0.11944444444444445,,,0.54375,0.2652777777777778,,
TRAINING,/content/gdrive/MyDrive/Pesquisa/Artigo Imagens/data/images/vid06_img0826.jpg,pollen,0.45859375,0.10555555555555556,,,0.5453125,0.2722222222222222,,
TEST,/content/gdrive/MyDrive/Pesquisa/Artigo Imagens/data/images/vid06_img0827.jpg,pollen,0.44453125,0.10277777777777777,,,0.53828125,0.25555555555555554,,
TRAINING,/content/gdrive/MyDrive/Pesquisa/Artigo Imagens/data/images/vid06_img0850.jpg,pollen,0.3625,0.04027777777777778,,,0.41953125,0.1736111111111111,,
TRAINING,/content/gdrive/MyDrive/Pesquisa/Artigo Imagens/data/images/vid06_img0856.jpg,pollen,0.34140625,0.020833333333333332,,,0.4015625,0.19166666666666668,,
TRAINING,/content/gdrive/MyDrive/Pesquisa/Artigo Imagens/data/images/vid06_img0866.jpg,pollen,0.24140625,0.04027777777777778,,,0.3078125,0.15555555555555556,,
VALIDATION,/content/gdrive/MyDrive/Pesquisa/Artigo Imagens/data/images/vid06_img0883.jpg,pollen,0.04140625,0.0763888888888889,,,0.11796875,0.2111111111111111,,
TRAINING,/content/gdrive/MyDrive/Pesquisa/Artigo Imagens/data/images/vid06_img0899.jpg,pollen,0.05859375,0.6138888888888889,,,0.146875,0.7708333333333334,,
TRAINING,/content/gdrive/MyDrive/Pesquisa/Artigo Imagens/data/images/vid06_img0910.jpg,pollen,0.27578125,0.6027777777777777,,,0.3546875,0.7430555555555556,,
VALIDATION,/content/gdrive/MyDrive/Pesquisa/Artigo Imagens/data/images/vid06_img0911.jpg,pollen,0.2890625,0.6097222222222223,,,0.3625,0.7583333333333333,,
TRAINING,/content/gdrive/MyDrive/Pesquisa/Artigo Imagens/data/images/vid06_img0913.jpg,pollen,0.3,0.6166666666666667,,,0.38359375,0.7527777777777778,,
TRAINING,/content/gdrive/MyDrive/Pesquisa/Artigo Imagens/data/images/vid06_img0914.jpg,pollen,0.30859375,0.6055555555555555,,,0.3890625,0.7444444444444445,,
TRAINING,/content/gdrive/MyDrive/Pesquisa/Artigo Imagens/data/images/vid06_img0915.jpg,pollen,0.32265625,0.6111111111111112,,,0.4046875,0.7347222222222223,,
VALIDATION,/content/gdrive/MyDrive/Pesquisa/Artigo Imagens/data/images/vid06_img0916.jpg,pollen,0.3171875,0.6194444444444445,,,0.41015625,0.7305555555555555,,
VALIDATION,/content/gdrive/MyDrive/Pesquisa/Artigo Imagens/data/images/vid06_img1097.jpg,pollen,0.59609375,0.25277777777777777,,,0.653125,0.3611111111111111,,
TRAINING,/content/gdrive/MyDrive/Pesquisa/Artigo Imagens/data/images/vid06_img1099.jpg,pollen,0.59453125,0.25555555555555554,,,0.653125,0.35694444444444445,,
TRAINING,/content/gdrive/MyDrive/Pesquisa/Artigo Imagens/data/images/vid06_img1100.jpg,pollen,0.59140625,0.24861111111111112,,,0.65078125,0.3458333333333333,,
VALIDATION,/content/gdrive/MyDrive/Pesquisa/Artigo Imagens/data/images/vid06_img1101.jpg,pollen,0.5921875,0.24583333333333332,,,0.6578125,0.3333333333333333,,
VALIDATION,/content/gdrive/MyDrive/Pesquisa/Artigo Imagens/data/images/vid06_img1105.jpg,pollen,0.60234375,0.20277777777777778,,,0.66640625,0.3263888888888889,,
TRAINING,/content/gdrive/MyDrive/Pesquisa/Artigo Imagens/data/images/vid06_img1106.jpg,pollen,0.6,0.2,,,0.6625,0.31666666666666665,,
TRAINING,/content/gdrive/MyDrive/Pesquisa/Artigo Imagens/data/images/vid06_img1134.jpg,pollen,0.60390625,0.2625,,,0.69765625,0.3736111111111111,,
TRAINING,/content/gdrive/MyDrive/Pesquisa/Artigo Imagens/data/images/vid06_img1135.jpg,pollen,0.596875,0.2569444444444444,,,0.69921875,0.36666666666666664,,
TRAINING,/content/gdrive/MyDrive/Pesquisa/Artigo Imagens/data/images/vid06_img1157.jpg,pollen,0.54921875,0.17916666666666667,,,0.6203125,0.28055555555555556,,
TRAINING,/content/gdrive/MyDrive/Pesquisa/Artigo Imagens/data/images/vid06_img1333.jpg,pollen,0.7453125,0.44305555555555554,,,0.828125,0.5430555555555555,,
TRAINING,/content/gdrive/MyDrive/Pesquisa/Artigo Imagens/data/images/vid06_img1364.jpg,pollen,0.890625,0.5694444444444444,,,0.97265625,0.6638888888888889,,
VALIDATION,/content/gdrive/MyDrive/Pesquisa/Artigo Imagens/data/images/vid06_img1474.jpg,pollen,0.69921875,0.5319444444444444,,,0.77265625,0.6069444444444444,,
TEST,/content/gdrive/MyDrive/Pesquisa/Artigo Imagens/data/images/vid06_img1486.jpg,pollen,0.69296875,0.5069444444444444,,,0.76640625,0.6027777777777777,,
TRAINING,/content/gdrive/MyDrive/Pesquisa/Artigo Imagens/data/images/vid06_img1652.jpg,pollen,0.5671875,0.3541666666666667,,,0.63671875,0.43194444444444446,,
TRAINING,/content/gdrive/MyDrive/Pesquisa/Artigo Imagens/data/images/vid06_img1936.jpg,pollen,0.640625,0.26944444444444443,,,0.68828125,0.39444444444444443,,
VALIDATION,/content/gdrive/MyDrive/Pesquisa/Artigo Imagens/data/images/vid07_img0126.jpg,pollen,0.18125,0.09861111111111111,,,0.265625,0.20694444444444443,,
TRAINING,/content/gdrive/MyDrive/Pesquisa/Artigo Imagens/data/images/vid07_img0127.jpg,pollen,0.18203125,0.09861111111111111,,,0.27109375,0.20972222222222223,,
TRAINING,/content/gdrive/MyDrive/Pesquisa/Artigo Imagens/data/images/vid07_img0144.jpg,pollen,0.21953125,0.19305555555555556,,,0.31484375,0.2875,,
TRAINING,/content/gdrive/MyDrive/Pesquisa/Artigo Imagens/data/images/vid07_img0170.jpg,pollen,0.33671875,0.36944444444444446,,,0.42109375,0.4847222222222222,,
VALIDATION,/content/gdrive/MyDrive/Pesquisa/Artigo Imagens/data/images/vid07_img0267.jpg,pollen,0.40234375,0.6902777777777778,,,0.49609375,0.9013888888888889,,
TRAINING,/content/gdrive/MyDrive/Pesquisa/Artigo Imagens/data/images/vid07_img0311.jpg,pollen,0.5109375,0.22777777777777777,,,0.58359375,0.30277777777777776,,
TRAINING,/content/gdrive/MyDrive/Pesquisa/Artigo Imagens/data/images/vid07_img0901.jpg,pollen,0.44375,0.28055555555555556,,,0.95625,0.9847222222222223,,
TRAINING,/content/gdrive/MyDrive/Pesquisa/Artigo Imagens/data/images/vid07_img2212.jpg,pollen,0.4796875,0.33194444444444443,,,0.96328125,0.9569444444444445,,
TRAINING,/content/gdrive/MyDrive/Pesquisa/Artigo Imagens/data/images/vid07_img2231.jpg,pollen,0.4953125,0.3416666666666667,,,0.965625,0.9569444444444445,,
TEST,/content/gdrive/MyDrive/Pesquisa/Artigo Imagens/data/images/vid07_img2761.jpg,pollen,0.853125,0.6652777777777777,,,0.9578125,0.7958333333333333,,
TRAINING,/content/gdrive/MyDrive/Pesquisa/Artigo Imagens/data/images/vid08_img10042.jpg,pollen,0.6390625,0.35555555555555557,,,0.7359375,0.48333333333333334,,
TRAINING,/content/gdrive/MyDrive/Pesquisa/Artigo Imagens/data/images/vid08_img10147.jpg,pollen,0.36640625,0.2972222222222222,,,0.47265625,0.4236111111111111,,
TRAINING,/content/gdrive/MyDrive/Pesquisa/Artigo Imagens/data/images/vid08_img12920.jpg,pollen,0.771875,0.16944444444444445,,,0.83046875,0.23472222222222222,,
TRAINING,/content/gdrive/MyDrive/Pesquisa/Artigo Imagens/data/images/vid08_img13164.jpg,pollen,0.46640625,0.10833333333333334,,,0.51953125,0.2013888888888889,,
TRAINING,/content/gdrive/MyDrive/Pesquisa/Artigo Imagens/data/images/vid08_img9127.jpg,pollen,0.784375,0.525,,,0.87578125,0.6791666666666667,,
TRAINING,/content/gdrive/MyDrive/Pesquisa/Artigo Imagens/data/images/vid08_img9157.jpg,pollen,0.68515625,0.5263888888888889,,,0.77265625,0.6472222222222223,,
TRAINING,/content/gdrive/MyDrive/Pesquisa/Artigo Imagens/data/images/vid08_img9170.jpg,pollen,0.65859375,0.5861111111111111,,,0.7515625,0.6958333333333333,,
TRAINING,/content/gdrive/MyDrive/Pesquisa/Artigo Imagens/data/images/vid08_img9184.jpg,pollen,0.61953125,0.6472222222222223,,,0.703125,0.7694444444444445,,
TRAINING,/content/gdrive/MyDrive/Pesquisa/Artigo Imagens/data/images/vid08_img9211.jpg,pollen,0.859375,0.1625,,,0.9296875,0.2986111111111111,,
TRAINING,/content/gdrive/MyDrive/Pesquisa/Artigo Imagens/data/images/vid08_img9242.jpg,pollen,0.67109375,0.5222222222222223,,,0.7546875,0.6541666666666667,,
TRAINING,/content/gdrive/MyDrive/Pesquisa/Artigo Imagens/data/images/vid08_img9270.jpg,pollen,0.578125,0.5986111111111111,,,0.64609375,0.7319444444444444,,
TRAINING,/content/gdrive/MyDrive/Pesquisa/Artigo Imagens/data/images/vid08_img9321.jpg,pollen,0.625,0.40694444444444444,,,0.73203125,0.5375,,
TEST,/content/gdrive/MyDrive/Pesquisa/Artigo Imagens/data/images/vid08_img9608.jpg,pollen,0.69921875,0.001388888888888889,,,0.8265625,0.13333333333333333,,
TEST,/content/gdrive/MyDrive/Pesquisa/Artigo Imagens/data/images/vid08_img9679.jpg,pollen,0.64921875,0.44305555555555554,,,0.73984375,0.6236111111111111,,
TRAINING,/content/gdrive/MyDrive/Pesquisa/Artigo Imagens/data/images/vid08_img9920.jpg,pollen,0.60625,0.175,,,0.73828125,0.32916666666666666,,
TRAINING,/content/gdrive/MyDrive/Pesquisa/Artigo Imagens/data/images/vid09_img0169.jpg,pollen,0.7828125,0.5958333333333333,,,0.83984375,0.6763888888888889,,
VALIDATION,/content/gdrive/MyDrive/Pesquisa/Artigo Imagens/data/images/vid09_img0171.jpg,pollen,0.70859375,0.5875,,,0.7640625,0.6888888888888889,,
TRAINING,/content/gdrive/MyDrive/Pesquisa/Artigo Imagens/data/images/vid09_img0173.jpg,pollen,0.6703125,0.5819444444444445,,,0.71640625,0.675,,
VALIDATION,/content/gdrive/MyDrive/Pesquisa/Artigo Imagens/data/images/vid09_img0181.jpg,pollen,0.53203125,0.5166666666666667,,,0.58515625,0.5958333333333333,,
TEST,/content/gdrive/MyDrive/Pesquisa/Artigo Imagens/data/images/vid09_img0220.jpg,pollen,0.72890625,0.5,,,0.7890625,0.5847222222222223,,
TRAINING,/content/gdrive/MyDrive/Pesquisa/Artigo Imagens/data/images/vid09_img0221.jpg,pollen,0.66875,0.5194444444444445,,,0.72265625,0.5930555555555556,,
TRAINING,/content/gdrive/MyDrive/Pesquisa/Artigo Imagens/data/images/vid09_img0223.jpg,pollen,0.621875,0.5236111111111111,,,0.66953125,0.5958333333333333,,
TEST,/content/gdrive/MyDrive/Pesquisa/Artigo Imagens/data/images/vid09_img0227.jpg,pollen,0.5484375,0.5680555555555555,,,0.59921875,0.6430555555555556,,
TRAINING,/content/gdrive/MyDrive/Pesquisa/Artigo Imagens/data/images/vid09_img0564.jpg,pollen,0.88203125,0.5027777777777778,,,0.94140625,0.5958333333333333,,
TRAINING,/content/gdrive/MyDrive/Pesquisa/Artigo Imagens/data/images/vid09_img0565.jpg,pollen,0.87578125,0.4986111111111111,,,0.940625,0.6055555555555555,,
TRAINING,/content/gdrive/MyDrive/Pesquisa/Artigo Imagens/data/images/vid09_img0566.jpg,pollen,0.80859375,0.5263888888888889,,,0.8796875,0.6138888888888889,,
TRAINING,/content/gdrive/MyDrive/Pesquisa/Artigo Imagens/data/images/vid09_img0567.jpg,pollen,0.81015625,0.5263888888888889,,,0.87890625,0.6152777777777778,,
TRAINING,/content/gdrive/MyDrive/Pesquisa/Artigo Imagens/data/images/vid09_img0568.jpg,pollen,0.75390625,0.525,,,0.815625,0.6097222222222223,,
TRAINING,/content/gdrive/MyDrive/Pesquisa/Artigo Imagens/data/images/vid09_img0569.jpg,pollen,0.75390625,0.5208333333333334,,,0.81484375,0.6069444444444444,,
TEST,/content/gdrive/MyDrive/Pesquisa/Artigo Imagens/data/images/vid09_img0570.jpg,pollen,0.703125,0.49583333333333335,,,0.7640625,0.5861111111111111,,
TRAINING,/content/gdrive/MyDrive/Pesquisa/Artigo Imagens/data/images/vid09_img0571.jpg,pollen,0.70625,0.5055555555555555,,,0.76484375,0.5819444444444445,,
TRAINING,/content/gdrive/MyDrive/Pesquisa/Artigo Imagens/data/images/vid09_img0572.jpg,pollen,0.66171875,0.4861111111111111,,,0.71875,0.5833333333333334,,
TRAINING,/content/gdrive/MyDrive/Pesquisa/Artigo Imagens/data/images/vid09_img0574.jpg,pollen,0.6140625,0.5,,,0.67265625,0.5819444444444445,,
TRAINING,/content/gdrive/MyDrive/Pesquisa/Artigo Imagens/data/images/vid09_img0576.jpg,pollen,0.57890625,0.5333333333333333,,,0.63515625,0.6069444444444444,,
VALIDATION,/content/gdrive/MyDrive/Pesquisa/Artigo Imagens/data/images/vid09_img0578.jpg,pollen,0.5546875,0.5486111111111112,,,0.61015625,0.6319444444444444,,
TEST,/content/gdrive/MyDrive/Pesquisa/Artigo Imagens/data/images/vid09_img0580.jpg,pollen,0.52734375,0.5458333333333333,,,0.58359375,0.6263888888888889,,
VALIDATION,/content/gdrive/MyDrive/Pesquisa/Artigo Imagens/data/images/vid09_img0758.jpg,pollen,0.9046875,0.4930555555555556,,,0.97265625,0.5888888888888889,,
TRAINING,/content/gdrive/MyDrive/Pesquisa/Artigo Imagens/data/images/vid09_img0760.jpg,pollen,0.85078125,0.4986111111111111,,,0.93046875,0.5958333333333333,,
VALIDATION,/content/gdrive/MyDrive/Pesquisa/Artigo Imagens/data/images/vid09_img0762.jpg,pollen,0.8125,0.5208333333333334,,,0.88046875,0.6263888888888889,,
VALIDATION,/content/gdrive/MyDrive/Pesquisa/Artigo Imagens/data/images/vid09_img0766.jpg,pollen,0.72578125,0.5541666666666667,,,0.79140625,0.6597222222222222,,
VALIDATION,/content/gdrive/MyDrive/Pesquisa/Artigo Imagens/data/images/vid09_img0768.jpg,pollen,0.69609375,0.5736111111111111,,,0.75859375,0.6694444444444444,,
TEST,/content/gdrive/MyDrive/Pesquisa/Artigo Imagens/data/images/vid09_img0770.jpg,pollen,0.6625,0.5805555555555556,,,0.7234375,0.6722222222222223,,
VALIDATION,/content/gdrive/MyDrive/Pesquisa/Artigo Imagens/data/images/vid09_img0774.jpg,pollen,0.58515625,0.5819444444444445,,,0.63046875,0.6777777777777778,,
TRAINING,/content/gdrive/MyDrive/Pesquisa/Artigo Imagens/data/images/vid09_img0777.jpg,pollen,0.5546875,0.5805555555555556,,,0.60546875,0.6694444444444444,,
TRAINING,/content/gdrive/MyDrive/Pesquisa/Artigo Imagens/data/images/vid09_img0786.jpg,pollen,0.48828125,0.5958333333333333,,,0.5375,0.6847222222222222,,
TRAINING,/content/gdrive/MyDrive/Pesquisa/Artigo Imagens/data/images/vid09_img0983.jpg,pollen,0.89921875,0.3263888888888889,,,0.959375,0.41944444444444445,,
TRAINING,/content/gdrive/MyDrive/Pesquisa/Artigo Imagens/data/images/vid09_img0984.jpg,pollen,0.8125,0.3527777777777778,,,0.87421875,0.44722222222222224,,
TRAINING,/content/gdrive/MyDrive/Pesquisa/Artigo Imagens/data/images/vid09_img0986.jpg,pollen,0.75078125,0.3416666666666667,,,0.8046875,0.46944444444444444,,
VALIDATION,/content/gdrive/MyDrive/Pesquisa/Artigo Imagens/data/images/vid09_img0988.jpg,pollen,0.69921875,0.3527777777777778,,,0.75546875,0.45416666666666666,,
TEST,/content/gdrive/MyDrive/Pesquisa/Artigo Imagens/data/images/vid09_img0990.jpg,pollen,0.6703125,0.3472222222222222,,,0.7265625,0.44583333333333336,,
TRAINING,/content/gdrive/MyDrive/Pesquisa/Artigo Imagens/data/images/vid09_img0992.jpg,pollen,0.64140625,0.35694444444444445,,,0.70390625,0.4597222222222222,,
TRAINING,/content/gdrive/MyDrive/Pesquisa/Artigo Imagens/data/images/vid09_img0997.jpg,pollen,0.6046875,0.3625,,,0.65703125,0.46111111111111114,,
TRAINING,/content/gdrive/MyDrive/Pesquisa/Artigo Imagens/data/images/vid10_img0001.jpg,pollen,0.4640625,0.6305555555555555,,,0.50703125,0.7361111111111112,,
TRAINING,/content/gdrive/MyDrive/Pesquisa/Artigo Imagens/data/images/vid10_img0002.jpg,pollen,0.46875,0.6208333333333333,,,0.50546875,0.7319444444444444,,
TRAINING,/content/gdrive/MyDrive/Pesquisa/Artigo Imagens/data/images/vid10_img0003.jpg,pollen,0.465625,0.6194444444444445,,,0.50703125,0.7208333333333333,,
TRAINING,/content/gdrive/MyDrive/Pesquisa/Artigo Imagens/data/images/vid10_img0004.jpg,pollen,0.46484375,0.6111111111111112,,,0.5046875,0.7166666666666667,,
TRAINING,/content/gdrive/MyDrive/Pesquisa/Artigo Imagens/data/images/vid10_img0005.jpg,pollen,0.46328125,0.6069444444444444,,,0.50546875,0.7152777777777778,,
TRAINING,/content/gdrive/MyDrive/Pesquisa/Artigo Imagens/data/images/vid10_img0006.jpg,pollen,0.4640625,0.6,,,0.5078125,0.7013888888888888,,
TRAINING,/content/gdrive/MyDrive/Pesquisa/Artigo Imagens/data/images/vid10_img0007.jpg,pollen,0.46015625,0.5944444444444444,,,0.51015625,0.6986111111111111,,
VALIDATION,/content/gdrive/MyDrive/Pesquisa/Artigo Imagens/data/images/vid10_img0008.jpg,pollen,0.46953125,0.5888888888888889,,,0.51015625,0.6972222222222222,,
TRAINING,/content/gdrive/MyDrive/Pesquisa/Artigo Imagens/data/images/vid10_img0024.jpg,pollen,0.47578125,0.5125,,,0.51015625,0.6152777777777778,,
TRAINING,/content/gdrive/MyDrive/Pesquisa/Artigo Imagens/data/images/vid10_img0069.jpg,pollen,0.46484375,0.5111111111111111,,,0.50625,0.6027777777777777,,
VALIDATION,/content/gdrive/MyDrive/Pesquisa/Artigo Imagens/data/images/vid10_img0070.jpg,pollen,0.45703125,0.5027777777777778,,,0.51171875,0.6,,
TRAINING,/content/gdrive/MyDrive/Pesquisa/Artigo Imagens/data/images/vid10_img0074.jpg,pollen,0.45546875,0.5,,,0.51171875,0.5805555555555556,,
TRAINING,/content/gdrive/MyDrive/Pesquisa/Artigo Imagens/data/images/vid10_img0083.jpg,pollen,0.59375,0.5680555555555555,,,0.63046875,0.6611111111111111,,
TRAINING,/content/gdrive/MyDrive/Pesquisa/Artigo Imagens/data/images/vid10_img0097.jpg,pollen,0.58046875,0.5222222222222223,,,0.62265625,0.6013888888888889,,
TRAINING,/content/gdrive/MyDrive/Pesquisa/Artigo Imagens/data/images/vid10_img0098.jpg,pollen,0.62265625,0.5166666666666667,,,0.6609375,0.6013888888888889,,
TRAINING,/content/gdrive/MyDrive/Pesquisa/Artigo Imagens/data/images/vid10_img0099.jpg,pollen,0.50546875,0.6569444444444444,,,0.5453125,0.7791666666666667,,
TRAINING,/content/gdrive/MyDrive/Pesquisa/Artigo Imagens/data/images/vid10_img0129.jpg,pollen,0.4921875,0.6333333333333333,,,0.54375,0.7583333333333333,,
TRAINING,/content/gdrive/MyDrive/Pesquisa/Artigo Imagens/data/images/vid10_img0130.jpg,pollen,0.4578125,0.6305555555555555,,,0.50625,0.7430555555555556,,
TEST,/content/gdrive/MyDrive/Pesquisa/Artigo Imagens/data/images/vid10_img0132.jpg,pollen,0.396875,0.6305555555555555,,,0.44765625,0.7444444444444445,,
VALIDATION,/content/gdrive/MyDrive/Pesquisa/Artigo Imagens/data/images/vid10_img0133.jpg,pollen,0.39296875,0.6166666666666667,,,0.4421875,0.7305555555555555,,
VALIDATION,/content/gdrive/MyDrive/Pesquisa/Artigo Imagens/data/images/vid10_img0134.jpg,pollen,0.39453125,0.6152777777777778,,,0.44453125,0.7277777777777777,,
TRAINING,/content/gdrive/MyDrive/Pesquisa/Artigo Imagens/data/images/vid10_img0135.jpg,pollen,0.3921875,0.6111111111111112,,,0.44140625,0.7069444444444445,,
TRAINING,/content/gdrive/MyDrive/Pesquisa/Artigo Imagens/data/images/vid10_img0136.jpg,pollen,0.3984375,0.6027777777777777,,,0.4359375,0.7055555555555556,,
TRAINING,/content/gdrive/MyDrive/Pesquisa/Artigo Imagens/data/images/vid10_img0137.jpg,pollen,0.3921875,0.5944444444444444,,,0.4421875,0.7041666666666667,,
TRAINING,/content/gdrive/MyDrive/Pesquisa/Artigo Imagens/data/images/vid10_img0138.jpg,pollen,0.39140625,0.5875,,,0.44375,0.7069444444444445,,
TRAINING,/content/gdrive/MyDrive/Pesquisa/Artigo Imagens/data/images/vid10_img0139.jpg,pollen,0.39453125,0.575,,,0.44140625,0.6972222222222222,,
TRAINING,/content/gdrive/MyDrive/Pesquisa/Artigo Imagens/data/images/vid10_img0140.jpg,pollen,0.39296875,0.5625,,,0.43828125,0.675,,
VALIDATION,/content/gdrive/MyDrive/Pesquisa/Artigo Imagens/data/images/vid10_img0141.jpg,pollen,0.39453125,0.5625,,,0.44140625,0.6666666666666666,,
TRAINING,/content/gdrive/MyDrive/Pesquisa/Artigo Imagens/data/images/vid10_img0142.jpg,pollen,0.4,0.5680555555555555,,,0.4421875,0.6638888888888889,,
VALIDATION,/content/gdrive/MyDrive/Pesquisa/Artigo Imagens/data/images/vid10_img0224.jpg,pollen,0.43359375,0.6513888888888889,,,0.4828125,0.7958333333333333,,
TRAINING,/content/gdrive/MyDrive/Pesquisa/Artigo Imagens/data/images/vid10_img0225.jpg,pollen,0.42109375,0.6125,,,0.47265625,0.7486111111111111,,
TRAINING,/content/gdrive/MyDrive/Pesquisa/Artigo Imagens/data/images/vid10_img0295.jpg,pollen,0.76015625,0.8194444444444444,,,0.81640625,0.9541666666666667,,
VALIDATION,/content/gdrive/MyDrive/Pesquisa/Artigo Imagens/data/images/vid10_img0296.jpg,pollen,0.79296875,0.7888888888888889,,,0.8328125,0.9208333333333333,,
TRAINING,/content/gdrive/MyDrive/Pesquisa/Artigo Imagens/data/images/vid10_img0297.jpg,pollen,0.77109375,0.7708333333333334,,,0.825,0.9055555555555556,,
TRAINING,/content/gdrive/MyDrive/Pesquisa/Artigo Imagens/data/images/vid10_img0298.jpg,pollen,0.765625,0.7611111111111111,,,0.81640625,0.8902777777777777,,
TEST,/content/gdrive/MyDrive/Pesquisa/Artigo Imagens/data/images/vid10_img0299.jpg,pollen,0.76484375,0.7541666666666667,,,0.8,0.8875,,
VALIDATION,/content/gdrive/MyDrive/Pesquisa/Artigo Imagens/data/images/vid10_img0300.jpg,pollen,0.75625,0.7458333333333333,,,0.8,0.8763888888888889,,
TRAINING,/content/gdrive/MyDrive/Pesquisa/Artigo Imagens/data/images/vid10_img0301.jpg,pollen,0.75078125,0.725,,,0.796875,0.8486111111111111,,
TRAINING,/content/gdrive/MyDrive/Pesquisa/Artigo Imagens/data/images/vid10_img0302.jpg,pollen,0.73671875,0.6930555555555555,,,0.7921875,0.8152777777777778,,
TRAINING,/content/gdrive/MyDrive/Pesquisa/Artigo Imagens/data/images/vid10_img0303.jpg,pollen,0.73046875,0.6805555555555556,,,0.778125,0.7944444444444444,,
VALIDATION,/content/gdrive/MyDrive/Pesquisa/Artigo Imagens/data/images/vid10_img0304.jpg,pollen,0.71640625,0.6541666666666667,,,0.7625,0.7763888888888889,,
VALIDATION,/content/gdrive/MyDrive/Pesquisa/Artigo Imagens/data/images/vid10_img0305.jpg,pollen,0.70234375,0.6319444444444444,,,0.75390625,0.7666666666666667,,
TRAINING,/content/gdrive/MyDrive/Pesquisa/Artigo Imagens/data/images/vid10_img0308.jpg,pollen,0.66953125,0.5694444444444444,,,0.721875,0.6805555555555556,,
TRAINING,/content/gdrive/MyDrive/Pesquisa/Artigo Imagens/data/images/vid10_img0309.jpg,pollen,0.6515625,0.5388888888888889,,,0.69921875,0.6625,,
TRAINING,/content/gdrive/MyDrive/Pesquisa/Artigo Imagens/data/images/vid10_img0310.jpg,pollen,0.6390625,0.5263888888888889,,,0.6734375,0.6472222222222223,,
TRAINING,/content/gdrive/MyDrive/Pesquisa/Artigo Imagens/data/images/vid10_img0370.jpg,pollen,0.6609375,0.8041666666666667,,,0.7109375,0.9138888888888889,,
VALIDATION,/content/gdrive/MyDrive/Pesquisa/Artigo Imagens/data/images/vid10_img0373.jpg,pollen,0.58203125,0.7069444444444445,,,0.62109375,0.8319444444444445,,
TRAINING,/content/gdrive/MyDrive/Pesquisa/Artigo Imagens/data/images/vid10_img0374.jpg,pollen,0.5765625,0.6527777777777778,,,0.621875,0.7986111111111112,,
VALIDATION,/content/gdrive/MyDrive/Pesquisa/Artigo Imagens/data/images/vid10_img0375.jpg,pollen,0.58828125,0.6097222222222223,,,0.63125,0.7347222222222223,,
TRAINING,/content/gdrive/MyDrive/Pesquisa/Artigo Imagens/data/images/vid10_img0386.jpg,pollen,0.71015625,0.8736111111111111,,,0.76328125,0.9833333333333333,,
TEST,/content/gdrive/MyDrive/Pesquisa/Artigo Imagens/data/images/vid10_img0390.jpg,pollen,0.64609375,0.8041666666666667,,,0.6953125,0.9152777777777777,,
TRAINING,/content/gdrive/MyDrive/Pesquisa/Artigo Imagens/data/images/vid10_img0402.jpg,pollen,0.5375,0.4986111111111111,,,0.57265625,0.5875,,
TRAINING,/content/gdrive/MyDrive/Pesquisa/Artigo Imagens/data/images/vid10_img0421.jpg,pollen,0.67109375,0.6416666666666667,,,0.72265625,0.7444444444444445,,
TRAINING,/content/gdrive/MyDrive/Pesquisa/Artigo Imagens/data/images/vid10_img0428.jpg,pollen,0.528125,0.5333333333333333,,,0.575,0.6541666666666667,,
VALIDATION,/content/gdrive/MyDrive/Pesquisa/Artigo Imagens/data/images/vid10_img0451.jpg,pollen,0.61640625,0.5055555555555555,,,0.6515625,0.6055555555555555,,
TRAINING,/content/gdrive/MyDrive/Pesquisa/Artigo Imagens/data/images/vid10_img0464.jpg,pollen,0.6578125,0.6027777777777777,,,0.70546875,0.7111111111111111,,
VALIDATION,/content/gdrive/MyDrive/Pesquisa/Artigo Imagens/data/images/vid10_img0465.jpg,pollen,0.6453125,0.6055555555555555,,,0.696875,0.7097222222222223,,
TRAINING,/content/gdrive/MyDrive/Pesquisa/Artigo Imagens/data/images/vid10_img0481.jpg,pollen,0.72265625,0.5513888888888889,,,0.7609375,0.6375,,
TRAINING,/content/gdrive/MyDrive/Pesquisa/Artigo Imagens/data/images/vid10_img0510.jpg,pollen,0.69609375,0.5305555555555556,,,0.73671875,0.6055555555555555,,
TRAINING,/content/gdrive/MyDrive/Pesquisa/Artigo Imagens/data/images/vid10_img0521.jpg,pollen,0.68046875,0.5097222222222222,,,0.72578125,0.6083333333333333,,
TRAINING,/content/gdrive/MyDrive/Pesquisa/Artigo Imagens/data/images/vid10_img0581.jpg,pollen,0.58046875,0.6097222222222223,,,0.6328125,0.7569444444444444,,
TRAINING,/content/gdrive/MyDrive/Pesquisa/Artigo Imagens/data/images/vid10_img0615.jpg,pollen,0.7546875,0.7402777777777778,,,0.8125,0.8930555555555556,,
TRAINING,/content/gdrive/MyDrive/Pesquisa/Artigo Imagens/data/images/vid10_img0616.jpg,pollen,0.734375,0.6791666666666667,,,0.78828125,0.8291666666666667,,
TRAINING,/content/gdrive/MyDrive/Pesquisa/Artigo Imagens/data/images/vid10_img0617.jpg,pollen,0.70703125,0.6166666666666667,,,0.75703125,0.7777777777777778,,
VALIDATION,/content/gdrive/MyDrive/Pesquisa/Artigo Imagens/data/images/vid10_img0618.jpg,pollen,0.68828125,0.5888888888888889,,,0.7265625,0.7416666666666667,,
TRAINING,/content/gdrive/MyDrive/Pesquisa/Artigo Imagens/data/images/vid10_img0619.jpg,pollen,0.66015625,0.5791666666666667,,,0.71953125,0.7208333333333333,,
TRAINING,/content/gdrive/MyDrive/Pesquisa/Artigo Imagens/data/images/vid10_img0644.jpg,pollen,0.48984375,0.8944444444444445,,,0.55390625,0.9986111111111111,,
VALIDATION,/content/gdrive/MyDrive/Pesquisa/Artigo Imagens/data/images/vid10_img0647.jpg,pollen,0.496875,0.8680555555555556,,,0.55078125,0.9888888888888889,,
TRAINING,/content/gdrive/MyDrive/Pesquisa/Artigo Imagens/data/images/vid10_img0648.jpg,pollen,0.50625,0.8597222222222223,,,0.55859375,0.9722222222222222,,
TRAINING,/content/gdrive/MyDrive/Pesquisa/Artigo Imagens/data/images/vid10_img0668.jpg,pollen,0.53203125,0.6833333333333333,,,0.57890625,0.7902777777777777,,
TRAINING,/content/gdrive/MyDrive/Pesquisa/Artigo Imagens/data/images/vid10_img0690.jpg,pollen,0.575,0.5819444444444445,,,0.61953125,0.6583333333333333,,
TRAINING,/content/gdrive/MyDrive/Pesquisa/Artigo Imagens/data/images/vid10_img0717.jpg,pollen,0.59765625,0.4847222222222222,,,0.65078125,0.5819444444444445,,
TRAINING,/content/gdrive/MyDrive/Pesquisa/Artigo Imagens/data/images/vid10_img0744.jpg,pollen,0.546875,0.5291666666666667,,,0.5953125,0.6402777777777777,,
TRAINING,/content/gdrive/MyDrive/Pesquisa/Artigo Imagens/data/images/vid10_img0757.jpg,pollen,0.68828125,0.4847222222222222,,,0.72265625,0.5819444444444445,,
TRAINING,/content/gdrive/MyDrive/Pesquisa/Artigo Imagens/data/images/vid10_img0826.jpg,pollen,0.75078125,0.5458333333333333,,,0.78515625,0.6375,,
TRAINING,/content/gdrive/MyDrive/Pesquisa/Artigo Imagens/data/images/vid10_img0837.jpg,pollen,0.70234375,0.5555555555555556,,,0.74921875,0.6527777777777778,,
TRAINING,/content/gdrive/MyDrive/Pesquisa/Artigo Imagens/data/images/vid10_img0868.jpg,pollen,0.46875,0.41944444444444445,,,0.515625,0.5458333333333333,,
VALIDATION,/content/gdrive/MyDrive/Pesquisa/Artigo Imagens/data/images/vid10_img0869.jpg,pollen,0.4578125,0.4152777777777778,,,0.51796875,0.5402777777777777,,
TRAINING,/content/gdrive/MyDrive/Pesquisa/Artigo Imagens/data/images/vid10_img0900.jpg,pollen,0.62578125,0.5069444444444444,,,0.66171875,0.6152777777777778,,
TRAINING,/content/gdrive/MyDrive/Pesquisa/Artigo Imagens/data/images/vid10_img0915.jpg,pollen,0.67578125,0.5180555555555556,,,0.71875,0.6166666666666667,,
VALIDATION,/content/gdrive/MyDrive/Pesquisa/Artigo Imagens/data/images/vid10_img0918.jpg,pollen,0.4578125,0.8458333333333333,,,0.52109375,0.9833333333333333,,
TRAINING,/content/gdrive/MyDrive/Pesquisa/Artigo Imagens/data/images/vid10_img0945.jpg,pollen,0.4671875,0.7222222222222222,,,0.51015625,0.8569444444444444,,
TRAINING,/content/gdrive/MyDrive/Pesquisa/Artigo Imagens/data/images/vid10_img0951.jpg,pollen,0.5109375,0.5166666666666667,,,0.55703125,0.6375,,
TRAINING,/content/gdrive/MyDrive/Pesquisa/Artigo Imagens/data/images/vid10_img1017.jpg,pollen,0.63671875,0.6652777777777777,,,0.6875,0.7861111111111111,,
TRAINING,/content/gdrive/MyDrive/Pesquisa/Artigo Imagens/data/images/vid10_img1026.jpg,pollen,0.65546875,0.5430555555555555,,,0.70703125,0.6375,,
TRAINING,/content/gdrive/MyDrive/Pesquisa/Artigo Imagens/data/images/vid10_img1027.jpg,pollen,0.6625,0.5402777777777777,,,0.703125,0.6361111111111111,,
TRAINING,/content/gdrive/MyDrive/Pesquisa/Artigo Imagens/data/images/vid10_img1028.jpg,pollen,0.66328125,0.5333333333333333,,,0.70234375,0.6277777777777778,,
TEST,/content/gdrive/MyDrive/Pesquisa/Artigo Imagens/data/images/vid10_img1029.jpg,pollen,0.659375,0.5305555555555556,,,0.70546875,0.6291666666666667,,
TRAINING,/content/gdrive/MyDrive/Pesquisa/Artigo Imagens/data/images/vid10_img1041.jpg,pollen,0.6609375,0.4666666666666667,,,0.7046875,0.5611111111111111,,
TEST,/content/gdrive/MyDrive/Pesquisa/Artigo Imagens/data/images/vid10_img1053.jpg,pollen,0.63828125,0.6791666666666667,,,0.6875,0.8041666666666667,,
TRAINING,/content/gdrive/MyDrive/Pesquisa/Artigo Imagens/data/images/vid10_img1054.jpg,pollen,0.6125,0.6347222222222222,,,0.6578125,0.7638888888888888,,
TRAINING,/content/gdrive/MyDrive/Pesquisa/Artigo Imagens/data/images/vid10_img1055.jpg,pollen,0.5921875,0.5902777777777778,,,0.63671875,0.7138888888888889,,
TRAINING,/content/gdrive/MyDrive/Pesquisa/Artigo Imagens/data/images/vid10_img1090.jpg,pollen,0.6921875,0.4513888888888889,,,0.73359375,0.5458333333333333,,
TRAINING,/content/gdrive/MyDrive/Pesquisa/Artigo Imagens/data/images/vid10_img1109.jpg,pollen,0.36328125,0.8736111111111111,,,0.43984375,0.9555555555555556,,
TRAINING,/content/gdrive/MyDrive/Pesquisa/Artigo Imagens/data/images/vid10_img1110.jpg,pollen,0.36484375,0.875,,,0.44296875,0.9458333333333333,,
TRAINING,/content/gdrive/MyDrive/Pesquisa/Artigo Imagens/data/images/vid10_img1122.jpg,pollen,0.41953125,0.8,,,0.48828125,0.9180555555555555,,
TRAINING,/content/gdrive/MyDrive/Pesquisa/Artigo Imagens/data/images/vid10_img1129.jpg,pollen,0.42890625,0.7263888888888889,,,0.49453125,0.8458333333333333,,
TRAINING,/content/gdrive/MyDrive/Pesquisa/Artigo Imagens/data/images/vid10_img1136.jpg,pollen,0.43671875,0.6541666666666667,,,0.49609375,0.775,,
TRAINING,/content/gdrive/MyDrive/Pesquisa/Artigo Imagens/data/images/vid10_img1163.jpg,pollen,0.2609375,0.775,,,0.30390625,0.8958333333333334,,
TRAINING,/content/gdrive/MyDrive/Pesquisa/Artigo Imagens/data/images/vid10_img1206.jpg,pollen,0.7171875,0.5402777777777777,,,0.76171875,0.6416666666666667,,
TRAINING,/content/gdrive/MyDrive/Pesquisa/Artigo Imagens/data/images/vid10_img1264.jpg,pollen,0.6828125,0.5138888888888888,,,0.72421875,0.5777777777777777,,
VALIDATION,/content/gdrive/MyDrive/Pesquisa/Artigo Imagens/data/images/vid10_img1301.jpg,pollen,0.3625,0.5222222222222223,,,0.421875,0.5958333333333333,,
TRAINING,/content/gdrive/MyDrive/Pesquisa/Artigo Imagens/data/images/vid10_img1348.jpg,pollen,0.6828125,0.7111111111111111,,,0.73671875,0.8680555555555556,,
TEST,/content/gdrive/MyDrive/Pesquisa/Artigo Imagens/data/images/vid10_img1353.jpg,pollen,0.71171875,0.5013888888888889,,,0.7609375,0.6305555555555555,,
TRAINING,/content/gdrive/MyDrive/Pesquisa/Artigo Imagens/data/images/vid10_img1354.jpg,pollen,0.628125,0.6,,,0.68359375,0.7416666666666667,,
TRAINING,/content/gdrive/MyDrive/Pesquisa/Artigo Imagens/data/images/vid10_img1480.jpg,pollen,0.4171875,0.7444444444444445,,,0.475,0.8833333333333333,,
TRAINING,/content/gdrive/MyDrive/Pesquisa/Artigo Imagens/data/images/vid10_img1481.jpg,pollen,0.44609375,0.7361111111111112,,,0.5,0.8611111111111112,,
TRAINING,/content/gdrive/MyDrive/Pesquisa/Artigo Imagens/data/images/vid10_img1482.jpg,pollen,0.47734375,0.725,,,0.53515625,0.8402777777777778,,
TRAINING,/content/gdrive/MyDrive/Pesquisa/Artigo Imagens/data/images/vid10_img1502.jpg,pollen,0.5953125,0.5972222222222222,,,0.64375,0.7125,,
TRAINING,/content/gdrive/MyDrive/Pesquisa/Artigo Imagens/data/images/vid10_img1503.jpg,pollen,0.59296875,0.5986111111111111,,,0.6421875,0.7069444444444445,,
TRAINING,/content/gdrive/MyDrive/Pesquisa/Artigo Imagens/data/images/vid10_img1510.jpg,pollen,0.5765625,0.5236111111111111,,,0.62734375,0.6402777777777777,,
VALIDATION,/content/gdrive/MyDrive/Pesquisa/Artigo Imagens/data/images/vid10_img1553.jpg,pollen,0.6859375,0.6458333333333334,,,0.73046875,0.7513888888888889,,
TRAINING,/content/gdrive/MyDrive/Pesquisa/Artigo Imagens/data/images/vid10_img1569.jpg,pollen,0.6921875,0.5152777777777777,,,0.73046875,0.6083333333333333,,
TRAINING,/content/gdrive/MyDrive/Pesquisa/Artigo Imagens/data/images/vid10_img1586.jpg,pollen,0.28515625,0.7208333333333333,,,0.33671875,0.875,,
TRAINING,/content/gdrive/MyDrive/Pesquisa/Artigo Imagens/data/images/vid10_img1622.jpg,pollen,0.71171875,0.5166666666666667,,,0.753125,0.6375,,
VALIDATION,/content/gdrive/MyDrive/Pesquisa/Artigo Imagens/data/images/vid10_img1623.jpg,pollen,0.484375,0.5569444444444445,,,0.5375,0.6791666666666667,,
TRAINING,/content/gdrive/MyDrive/Pesquisa/Artigo Imagens/data/images/vid10_img1624.jpg,pollen,0.4875,0.5652777777777778,,,0.5375,0.6666666666666666,,
TRAINING,/content/gdrive/MyDrive/Pesquisa/Artigo Imagens/data/images/vid10_img1652.jpg,pollen,0.48828125,0.8430555555555556,,,0.5359375,0.9819444444444444,,
TRAINING,/content/gdrive/MyDrive/Pesquisa/Artigo Imagens/data/images/vid10_img1653.jpg,pollen,0.4828125,0.8277777777777777,,,0.53359375,0.9680555555555556,,
TRAINING,/content/gdrive/MyDrive/Pesquisa/Artigo Imagens/data/images/vid10_img1661.jpg,pollen,0.49296875,0.75,,,0.54375,0.8652777777777778,,
VALIDATION,/content/gdrive/MyDrive/Pesquisa/Artigo Imagens/data/images/vid10_img1686.jpg,pollen,0.5359375,0.5041666666666667,,,0.575,0.6180555555555556,,
TRAINING,/content/gdrive/MyDrive/Pesquisa/Artigo Imagens/data/images/vid10_img1703.jpg,pollen,0.37109375,0.5791666666666667,,,0.4296875,0.6916666666666667,,
TRAINING,/content/gdrive/MyDrive/Pesquisa/Artigo Imagens/data/images/vid10_img1719.jpg,pollen,0.37734375,0.5152777777777777,,,0.421875,0.6236111111111111,,
TRAINING,/content/gdrive/MyDrive/Pesquisa/Artigo Imagens/data/images/vid10_img1762.jpg,pollen,0.6109375,0.6125,,,0.653125,0.7555555555555555,,
TRAINING,/content/gdrive/MyDrive/Pesquisa/Artigo Imagens/data/images/vid10_img1766.jpg,pollen,0.58125,0.44166666666666665,,,0.63203125,0.5652777777777778,,
TRAINING,/content/gdrive/MyDrive/Pesquisa/Artigo Imagens/data/images/vid10_img1782.jpg,pollen,0.73046875,0.5597222222222222,,,0.7703125,0.7,,
TRAINING,/content/gdrive/MyDrive/Pesquisa/Artigo Imagens/data/images/vid10_img1800.jpg,pollen,0.496875,0.6486111111111111,,,0.546875,0.7805555555555556,,
VALIDATION,/content/gdrive/MyDrive/Pesquisa/Artigo Imagens/data/images/vid10_img1816.jpg,pollen,0.4890625,0.45,,,0.53359375,0.5444444444444444,,
TEST,/content/gdrive/MyDrive/Pesquisa/Artigo Imagens/data/images/vid10_img1835.jpg,pollen,0.70234375,0.4708333333333333,,,0.74296875,0.5861111111111111,,
TEST,/content/gdrive/MyDrive/Pesquisa/Artigo Imagens/data/images/vid10_img1841.jpg,pollen,0.69921875,0.44027777777777777,,,0.7390625,0.5236111111111111,,
TRAINING,/content/gdrive/MyDrive/Pesquisa/Artigo Imagens/data/images/vid10_img1852.jpg,pollen,0.61796875,0.5138888888888888,,,0.6703125,0.6263888888888889,,
TRAINING,/content/gdrive/MyDrive/Pesquisa/Artigo Imagens/data/images/vid10_img1859.jpg,pollen,0.60859375,0.4861111111111111,,,0.66484375,0.6027777777777777,,
TRAINING,/content/gdrive/MyDrive/Pesquisa/Artigo Imagens/data/images/vid10_img1868.jpg,pollen,0.61328125,0.4486111111111111,,,0.65390625,0.5611111111111111,,
TRAINING,/content/gdrive/MyDrive/Pesquisa/Artigo Imagens/data/images/vid10_img2006.jpg,pollen,0.63671875,0.5333333333333333,,,0.6875,0.6833333333333333,,
TRAINING,/content/gdrive/MyDrive/Pesquisa/Artigo Imagens/data/images/vid10_img2020.jpg,pollen,0.78125,0.6791666666666667,,,0.82109375,0.7986111111111112,,
VALIDATION,/content/gdrive/MyDrive/Pesquisa/Artigo Imagens/data/images/vid10_img2026.jpg,pollen,0.7234375,0.6222222222222222,,,0.7703125,0.7208333333333333,,
TRAINING,/content/gdrive/MyDrive/Pesquisa/Artigo Imagens/data/images/vid10_img2041.jpg,pollen,0.690625,0.4861111111111111,,,0.7390625,0.5930555555555556,,
TRAINING,/content/gdrive/MyDrive/Pesquisa/Artigo Imagens/data/images/vid10_img2117.jpg,pollen,0.45234375,0.45416666666666666,,,0.5078125,0.5541666666666667,,
TRAINING,/content/gdrive/MyDrive/Pesquisa/Artigo Imagens/data/images/vid10_img2123.jpg,pollen,0.43828125,0.44583333333333336,,,0.50078125,0.5486111111111112,,
TRAINING,/content/gdrive/MyDrive/Pesquisa/Artigo Imagens/data/images/vid10_img2176.jpg,pollen,0.47265625,0.8,,,0.5375,0.9166666666666666,,
TRAINING,/content/gdrive/MyDrive/Pesquisa/Artigo Imagens/data/images/vid10_img2222.jpg,pollen,0.57421875,0.6694444444444444,,,0.62109375,0.7972222222222223,,
TRAINING,/content/gdrive/MyDrive/Pesquisa/Artigo Imagens/data/images/vid10_img2237.jpg,pollen,0.53671875,0.5680555555555555,,,0.58671875,0.6888888888888889,,
TRAINING,/content/gdrive/MyDrive/Pesquisa/Artigo Imagens/data/images/vid10_img2241.jpg,pollen,0.52734375,0.5402777777777777,,,0.58046875,0.6680555555555555,,
TRAINING,/content/gdrive/MyDrive/Pesquisa/Artigo Imagens/data/images/vid10_img2263.jpg,pollen,0.5359375,0.4388888888888889,,,0.58125,0.5333333333333333,,
VALIDATION,/content/gdrive/MyDrive/Pesquisa/Artigo Imagens/data/images/vid10_img2352.jpg,pollen,0.53984375,0.7236111111111111,,,0.58203125,0.8847222222222222,,
TEST,/content/gdrive/MyDrive/Pesquisa/Artigo Imagens/data/images/vid10_img2373.jpg,pollen,0.76171875,0.6888888888888889,,,0.8203125,0.8208333333333333,,
VALIDATION,/content/gdrive/MyDrive/Pesquisa/Artigo Imagens/data/images/vid10_img2398.jpg,pollen,0.4421875,0.6319444444444444,,,0.4984375,0.7611111111111111,,
TRAINING,/content/gdrive/MyDrive/Pesquisa/Artigo Imagens/data/images/vid10_img2505.jpg,pollen,0.70703125,0.6944444444444444,,,0.75390625,0.8055555555555556,,
VALIDATION,/content/gdrive/MyDrive/Pesquisa/Artigo Imagens/data/images/vid10_img2506.jpg,pollen,0.7015625,0.6736111111111112,,,0.7515625,0.7902777777777777,,
TRAINING,/content/gdrive/MyDrive/Pesquisa/Artigo Imagens/data/images/vid10_img2526.jpg,pollen,0.66796875,0.5013888888888889,,,0.71015625,0.5986111111111111,,
TRAINING,/content/gdrive/MyDrive/Pesquisa/Artigo Imagens/data/images/vid10_img2689.jpg,pollen,0.56015625,0.5041666666666667,,,0.60390625,0.6138888888888889,,
TRAINING,/content/gdrive/MyDrive/Pesquisa/Artigo Imagens/data/images/vid10_img2847.jpg,pollen,0.42578125,0.6708333333333333,,,0.46953125,0.8041666666666667,,
TRAINING,/content/gdrive/MyDrive/Pesquisa/Artigo Imagens/data/images/vid10_img2888.jpg,pollen,0.66015625,0.4930555555555556,,,0.70234375,0.5875,,
VALIDATION,/content/gdrive/MyDrive/Pesquisa/Artigo Imagens/data/images/vid10_img2901.jpg,pollen,0.46875,0.8055555555555556,,,0.51796875,0.9388888888888889,,
TRAINING,/content/gdrive/MyDrive/Pesquisa/Artigo Imagens/data/images/vid10_img2920.jpg,pollen,0.45625,0.5805555555555556,,,0.50703125,0.7027777777777777,,
VALIDATION,/content/gdrive/MyDrive/Pesquisa/Artigo Imagens/data/images/vid10_img3030.jpg,pollen,0.57734375,0.5902777777777778,,,0.62734375,0.7055555555555556,,
TRAINING,/content/gdrive/MyDrive/Pesquisa/Artigo Imagens/data/images/vid10_img3092.jpg,pollen,0.74140625,0.7569444444444444,,,0.79140625,0.9277777777777778,,
TRAINING,/content/gdrive/MyDrive/Pesquisa/Artigo Imagens/data/images/vid10_img3110.jpg,pollen,0.7796875,0.7388888888888889,,,0.82890625,0.8430555555555556,,
TRAINING,/content/gdrive/MyDrive/Pesquisa/Artigo Imagens/data/images/vid10_img3237.jpg,pollen,0.35234375,0.8430555555555556,,,0.4,0.9777777777777777,,
TRAINING,/content/gdrive/MyDrive/Pesquisa/Artigo Imagens/data/images/vid10_img3272.jpg,pollen,0.453125,0.525,,,0.49609375,0.6652777777777777,,
TRAINING,/content/gdrive/MyDrive/Pesquisa/Artigo Imagens/data/images/vid10_img3362.jpg,pollen,0.525,0.5472222222222223,,,0.56640625,0.6263888888888889,,
VALIDATION,/content/gdrive/MyDrive/Pesquisa/Artigo Imagens/data/images/vid10_img3401.jpg,pollen,0.50859375,0.6472222222222223,,,0.55703125,0.7819444444444444,,
TRAINING,/content/gdrive/MyDrive/Pesquisa/Artigo Imagens/data/images/vid10_img3402.jpg,pollen,0.49375,0.65,,,0.5421875,0.7708333333333334,,
TRAINING,/content/gdrive/MyDrive/Pesquisa/Artigo Imagens/data/images/vid10_img3419.jpg,pollen,0.4890625,0.5180555555555556,,,0.53203125,0.6069444444444444,,
TRAINING,/content/gdrive/MyDrive/Pesquisa/Artigo Imagens/data/images/vid10_img3494.jpg,pollen,0.58828125,0.575,,,0.63359375,0.7138888888888889,,
TRAINING,/content/gdrive/MyDrive/Pesquisa/Artigo Imagens/data/images/vid10_img3669.jpg,pollen,0.61328125,0.6347222222222222,,,0.678125,0.7319444444444444,,
VALIDATION,/content/gdrive/MyDrive/Pesquisa/Artigo Imagens/data/images/vid10_img3720.jpg,pollen,0.33671875,0.8833333333333333,,,0.39375,1,,
TRAINING,/content/gdrive/MyDrive/Pesquisa/Artigo Imagens/data/images/vid10_img3721.jpg,pollen,0.33671875,0.8708333333333333,,,0.39453125,1,,
TRAINING,/content/gdrive/MyDrive/Pesquisa/Artigo Imagens/data/images/vid10_img3727.jpg,pollen,0.34453125,0.8236111111111111,,,0.4046875,0.9486111111111111,,
VALIDATION,/content/gdrive/MyDrive/Pesquisa/Artigo Imagens/data/images/vid10_img3740.jpg,pollen,0.35859375,0.7097222222222223,,,0.4078125,0.8375,,
TRAINING,/content/gdrive/MyDrive/Pesquisa/Artigo Imagens/data/images/vid12_img0553.jpg,pollen,0.025,0.7333333333333333,,,0.134375,0.9930555555555556,,
TRAINING,/content/gdrive/MyDrive/Pesquisa/Artigo Imagens/data/images/vid12_img0554.jpg,pollen,0.04140625,0.7138888888888889,,,0.1328125,0.9902777777777778,,
TRAINING,/content/gdrive/MyDrive/Pesquisa/Artigo Imagens/data/images/vid12_img0555.jpg,pollen,0.04453125,0.7069444444444445,,,0.13984375,0.9861111111111112,,
TRAINING,/content/gdrive/MyDrive/Pesquisa/Artigo Imagens/data/images/vid12_img0556.jpg,pollen,0.0484375,0.6805555555555556,,,0.1375,0.9833333333333333,,
TRAINING,/content/gdrive/MyDrive/Pesquisa/Artigo Imagens/data/images/vid12_img0571.jpg,pollen,0.065625,0.5430555555555555,,,0.16015625,0.7625,,
TRAINING,/content/gdrive/MyDrive/Pesquisa/Artigo Imagens/data/images/vid12_img0579.jpg,pollen,0.01484375,0.475,,,0.15078125,0.6569444444444444,,
TEST,/content/gdrive/MyDrive/Pesquisa/Artigo Imagens/data/images/vid12_img0588.jpg,pollen,0.02265625,0.4263888888888889,,,0.16171875,0.5875,,
TRAINING,/content/gdrive/MyDrive/Pesquisa/Artigo Imagens/data/images/vid12_img0609.jpg,pollen,0.16796875,0.5152777777777777,,,0.31015625,0.7097222222222223,,
TRAINING,/content/gdrive/MyDrive/Pesquisa/Artigo Imagens/data/images/vid12_img0618.jpg,pollen,0.26796875,0.4666666666666667,,,0.38828125,0.6847222222222222,,
TRAINING,/content/gdrive/MyDrive/Pesquisa/Artigo Imagens/data/images/vid12_img0637.jpg,pollen,0.41015625,0.5208333333333334,,,0.52421875,0.6777777777777778,,
TRAINING,/content/gdrive/MyDrive/Pesquisa/Artigo Imagens/data/images/vid12_img0653.jpg,pollen,0.00390625,0.41805555555555557,,,0.16015625,0.5986111111111111,,
TRAINING,/content/gdrive/MyDrive/Pesquisa/Artigo Imagens/data/images/vid12_img0657.jpg,pollen,0.06171875,0.4486111111111111,,,0.23125,0.6180555555555556,,
VALIDATION,/content/gdrive/MyDrive/Pesquisa/Artigo Imagens/data/images/vid12_img0678.jpg,pollen,0.28515625,0.4388888888888889,,,0.42265625,0.6222222222222222,,
TRAINING,/content/gdrive/MyDrive/Pesquisa/Artigo Imagens/data/images/vid12_img0682.jpg,pollen,0.296875,0.4722222222222222,,,0.43515625,0.6444444444444445,,
TRAINING,/content/gdrive/MyDrive/Pesquisa/Artigo Imagens/data/images/vid12_img0886.jpg,pollen,0.0125,0.4513888888888889,,,0.16484375,0.625,,
TRAINING,/content/gdrive/MyDrive/Pesquisa/Artigo Imagens/data/images/vid12_img0890.jpg,pollen,0.06328125,0.4527777777777778,,,0.21484375,0.6319444444444444,,
VALIDATION,/content/gdrive/MyDrive/Pesquisa/Artigo Imagens/data/images/vid12_img0896.jpg,pollen,0.1203125,0.48333333333333334,,,0.26953125,0.675,,
TRAINING,/content/gdrive/MyDrive/Pesquisa/Artigo Imagens/data/images/vid12_img0904.jpg,pollen,0.19140625,0.5083333333333333,,,0.31484375,0.7027777777777777,,
TRAINING,/content/gdrive/MyDrive/Pesquisa/Artigo Imagens/data/images/vid12_img0919.jpg,pollen,0.2828125,0.49166666666666664,,,0.43515625,0.6625,,
TRAINING,/content/gdrive/MyDrive/Pesquisa/Artigo Imagens/data/images/vid12_img0936.jpg,pollen,0.4203125,0.5208333333333334,,,0.55703125,0.7194444444444444,,
VALIDATION,/content/gdrive/MyDrive/Pesquisa/Artigo Imagens/data/images/vid12_img0951.jpg,pollen,0.41875,0.5347222222222222,,,0.5453125,0.7208333333333333,,
VALIDATION,/content/gdrive/MyDrive/Pesquisa/Artigo Imagens/data/images/vid14_img0001.jpg,pollen,0.5046875,0.24444444444444444,,,0.6046875,0.4527777777777778,,
TRAINING,/content/gdrive/MyDrive/Pesquisa/Artigo Imagens/data/images/vid14_img0007.jpg,pollen,0.3109375,0.4097222222222222,,,0.40390625,0.5583333333333333,,
TEST,/content/gdrive/MyDrive/Pesquisa/Artigo Imagens/data/images/vid14_img0012.jpg,pollen,0.32265625,0.48055555555555557,,,0.44140625,0.7013888888888888,,
TRAINING,/content/gdrive/MyDrive/Pesquisa/Artigo Imagens/data/images/vid14_img0049.jpg,pollen,0.8328125,0.7277777777777777,,,0.96015625,1,,
TRAINING,/content/gdrive/MyDrive/Pesquisa/Artigo Imagens/data/images/vid14_img0062.jpg,pollen,0.61796875,0.005555555555555556,,,0.7125,0.2791666666666667,,
TRAINING,/content/gdrive/MyDrive/Pesquisa/Artigo Imagens/data/images/vid14_img0072.jpg,pollen,0.74921875,0.6055555555555555,,,0.84765625,0.8722222222222222,,
TRAINING,/content/gdrive/MyDrive/Pesquisa/Artigo Imagens/data/images/vid14_img0105.jpg,pollen,0.7046875,0.3375,,,0.80234375,0.55,,
TRAINING,/content/gdrive/MyDrive/Pesquisa/Artigo Imagens/data/images/vid14_img0166.jpg,pollen,0.121875,0.6444444444444445,,,0.22734375,0.8722222222222222,,
VALIDATION,/content/gdrive/MyDrive/Pesquisa/Artigo Imagens/data/images/vid14_img0177.jpg,pollen,0.14296875,0.6666666666666666,,,0.25546875,0.8486111111111111,,
VALIDATION,/content/gdrive/MyDrive/Pesquisa/Artigo Imagens/data/images/vid14_img0183.jpg,pollen,0.13203125,0.6097222222222223,,,0.22265625,0.7819444444444444,,
TRAINING,/content/gdrive/MyDrive/Pesquisa/Artigo Imagens/data/images/vid14_img0231.jpg,pollen,0.4984375,0.4486111111111111,,,0.61953125,0.6236111111111111,,
VALIDATION,/content/gdrive/MyDrive/Pesquisa/Artigo Imagens/data/images/vid14_img0252.jpg,pollen,0.3125,0.6777777777777778,,,0.45859375,0.8722222222222222,,
TRAINING,/content/gdrive/MyDrive/Pesquisa/Artigo Imagens/data/images/vid14_img0272.jpg,pollen,0.34921875,0.6236111111111111,,,0.45390625,0.8222222222222222,,
TRAINING,/content/gdrive/MyDrive/Pesquisa/Artigo Imagens/data/images/vid14_img0289.jpg,pollen,0.321875,0.5777777777777777,,,0.42109375,0.7444444444444445,,
VALIDATION,/content/gdrive/MyDrive/Pesquisa/Artigo Imagens/data/images/vid15_img0714.jpg,pollen,0.2921875,0.22083333333333333,,,0.3765625,0.4,,
TRAINING,/content/gdrive/MyDrive/Pesquisa/Artigo Imagens/data/images/vid15_img0718.jpg,pollen,0.309375,0.25,,,0.39140625,0.40694444444444444,,
VALIDATION,/content/gdrive/MyDrive/Pesquisa/Artigo Imagens/data/images/vid15_img0723.jpg,pollen,0.30078125,0.3125,,,0.39140625,0.4847222222222222,,
TRAINING,/content/gdrive/MyDrive/Pesquisa/Artigo Imagens/data/images/vid15_img0738.jpg,pollen,0.50078125,0.42916666666666664,,,0.57421875,0.5583333333333333,,
TEST,/content/gdrive/MyDrive/Pesquisa/Artigo Imagens/data/images/vid15_img0767.jpg,pollen,0.4296875,0.425,,,0.5046875,0.5583333333333333,,
TRAINING,/content/gdrive/MyDrive/Pesquisa/Artigo Imagens/data/images/vid15_img0789.jpg,pollen,0.44140625,0.5027777777777778,,,0.4921875,0.6138888888888889,,
TEST,/content/gdrive/MyDrive/Pesquisa/Artigo Imagens/data/images/vid15_img0842.jpg,pollen,0.41875,0.4027777777777778,,,0.465625,0.5125,,
TRAINING,/content/gdrive/MyDrive/Pesquisa/Artigo Imagens/data/images/vid15_img0875.jpg,pollen,0.30703125,0.10694444444444444,,,0.3734375,0.225,,
TRAINING,/content/gdrive/MyDrive/Pesquisa/Artigo Imagens/data/images/vid15_img0895.jpg,pollen,0.421875,0.4361111111111111,,,0.48828125,0.5263888888888889,,
TRAINING,/content/gdrive/MyDrive/Pesquisa/Artigo Imagens/data/images/vid15_img0929.jpg,pollen,0.45625,0.41388888888888886,,,0.5125,0.5291666666666667,,
TRAINING,/content/gdrive/MyDrive/Pesquisa/Artigo Imagens/data/images/vid15_img0962.jpg,pollen,0.23515625,0.3347222222222222,,,0.33203125,0.4527777777777778,,
TRAINING,/content/gdrive/MyDrive/Pesquisa/Artigo Imagens/data/images/vid15_img0974.jpg,pollen,0.24453125,0.3416666666666667,,,0.34296875,0.4847222222222222,,
TRAINING,/content/gdrive/MyDrive/Pesquisa/Artigo Imagens/data/images/vid15_img0985.jpg,pollen,0.22109375,0.3819444444444444,,,0.31875,0.5263888888888889,,
TEST,/content/gdrive/MyDrive/Pesquisa/Artigo Imagens/data/images/vid15_img1001.jpg,pollen,0.33203125,0.34444444444444444,,,0.41640625,0.5083333333333333,,
TRAINING,/content/gdrive/MyDrive/Pesquisa/Artigo Imagens/data/images/vid15_img1047.jpg,pollen,0.24609375,0.41388888888888886,,,0.35078125,0.5625,,
VALIDATION,/content/gdrive/MyDrive/Pesquisa/Artigo Imagens/data/images/vid15_img1055.jpg,pollen,0.26953125,0.4513888888888889,,,0.34765625,0.6166666666666667,,
VALIDATION,/content/gdrive/MyDrive/Pesquisa/Artigo Imagens/data/images/vid15_img1077.jpg,pollen,0.2875,0.5138888888888888,,,0.37265625,0.6680555555555555,,
TEST,/content/gdrive/MyDrive/Pesquisa/Artigo Imagens/data/images/vid15_img1082.jpg,pollen,0.2921875,0.5222222222222223,,,0.384375,0.6902777777777778,,
